Sample.ID,k__Archaea;p__Crenarchaeota;c__Thaumarchaeota;o__Cenarchaeales;f__Cenarchaeaceae,k__Archaea;p__Euryarchaeota;c__Thermoplasmata;o__E2;f__Marine group II,k__Bacteria;Other;Other;Other;Other,k__Bacteria;p__Acidobacteria;c__[Chloracidobacteria];o__RB41;f__Ellin6075,k__Bacteria;p__Actinobacteria;c__Acidimicrobiia;o__Acidimicrobiales;Other,k__Bacteria;p__Actinobacteria;c__Acidimicrobiia;o__Acidimicrobiales;f__,k__Bacteria;p__Actinobacteria;c__Acidimicrobiia;o__Acidimicrobiales;f__JdFBGBact,k__Bacteria;p__Actinobacteria;c__Acidimicrobiia;o__Acidimicrobiales;f__OCS155,k__Bacteria;p__Actinobacteria;c__Acidimicrobiia;o__Acidimicrobiales;f__TK06,k__Bacteria;p__Actinobacteria;c__Acidimicrobiia;o__Acidimicrobiales;f__koll13,k__Bacteria;p__Actinobacteria;c__Acidimicrobiia;o__Acidimicrobiales;f__wb1_P06,k__Bacteria;p__Actinobacteria;c__Actinobacteria;o__Actinomycetales;Other,k__Bacteria;p__Actinobacteria;c__Actinobacteria;o__Actinomycetales;f__,k__Bacteria;p__Actinobacteria;c__Actinobacteria;o__Actinomycetales;f__Actinomycetaceae,k__Bacteria;p__Actinobacteria;c__Actinobacteria;o__Actinomycetales;f__Brevibacteriaceae,k__Bacteria;p__Actinobacteria;c__Actinobacteria;o__Actinomycetales;f__Corynebacteriaceae,k__Bacteria;p__Actinobacteria;c__Actinobacteria;o__Actinomycetales;f__Dermabacteraceae,k__Bacteria;p__Actinobacteria;c__Actinobacteria;o__Actinomycetales;f__Dermacoccaceae,k__Bacteria;p__Actinobacteria;c__Actinobacteria;o__Actinomycetales;f__Dietziaceae,k__Bacteria;p__Actinobacteria;c__Actinobacteria;o__Actinomycetales;f__Geodermatophilaceae,k__Bacteria;p__Actinobacteria;c__Actinobacteria;o__Actinomycetales;f__Gordoniaceae,k__Bacteria;p__Actinobacteria;c__Actinobacteria;o__Actinomycetales;f__Intrasporangiaceae,k__Bacteria;p__Actinobacteria;c__Actinobacteria;o__Actinomycetales;f__Kineosporiaceae,k__Bacteria;p__Actinobacteria;c__Actinobacteria;o__Actinomycetales;f__Microbacteriaceae,k__Bacteria;p__Actinobacteria;c__Actinobacteria;o__Actinomycetales;f__Micrococcaceae,k__Bacteria;p__Actinobacteria;c__Actinobacteria;o__Actinomycetales;f__Micromonosporaceae,k__Bacteria;p__Actinobacteria;c__Actinobacteria;o__Actinomycetales;f__Mycobacteriaceae,k__Bacteria;p__Actinobacteria;c__Actinobacteria;o__Actinomycetales;f__Nakamurellaceae,k__Bacteria;p__Actinobacteria;c__Actinobacteria;o__Actinomycetales;f__Nocardiaceae,k__Bacteria;p__Actinobacteria;c__Actinobacteria;o__Actinomycetales;f__Nocardioidaceae,k__Bacteria;p__Actinobacteria;c__Actinobacteria;o__Actinomycetales;f__Propionibacteriaceae,k__Bacteria;p__Actinobacteria;c__Actinobacteria;o__Actinomycetales;f__Pseudonocardiaceae,k__Bacteria;p__Actinobacteria;c__Actinobacteria;o__Actinomycetales;f__Sporichthyaceae,k__Bacteria;p__Actinobacteria;c__Actinobacteria;o__Actinomycetales;f__Williamsiaceae,k__Bacteria;p__Actinobacteria;c__Actinobacteria;o__Bifidobacteriales;f__Bifidobacteriaceae,k__Bacteria;p__Actinobacteria;c__Thermoleophilia;o__Gaiellales;f__Gaiellaceae,k__Bacteria;p__Actinobacteria;c__Thermoleophilia;o__Solirubrobacterales;f__,k__Bacteria;p__Actinobacteria;c__Thermoleophilia;o__Solirubrobacterales;f__Patulibacteraceae,k__Bacteria;p__Bacteroidetes;Other;Other;Other,k__Bacteria;p__Bacteroidetes;c__Bacteroidia;o__Bacteroidales;f__Bacteroidaceae,k__Bacteria;p__Bacteroidetes;c__Bacteroidia;o__Bacteroidales;f__Porphyromonadaceae,k__Bacteria;p__Bacteroidetes;c__Bacteroidia;o__Bacteroidales;f__Prevotellaceae,k__Bacteria;p__Bacteroidetes;c__Bacteroidia;o__Bacteroidales;f__[Paraprevotellaceae],k__Bacteria;p__Bacteroidetes;c__Cytophagia;o__Cytophagales;f__,k__Bacteria;p__Bacteroidetes;c__Cytophagia;o__Cytophagales;f__Cyclobacteriaceae,k__Bacteria;p__Bacteroidetes;c__Cytophagia;o__Cytophagales;f__Cytophagaceae,k__Bacteria;p__Bacteroidetes;c__Cytophagia;o__Cytophagales;f__Flammeovirgaceae,k__Bacteria;p__Bacteroidetes;c__Cytophagia;o__Cytophagales;f__[Amoebophilaceae],k__Bacteria;p__Bacteroidetes;c__Flavobacteriia;o__Flavobacteriales;f__,k__Bacteria;p__Bacteroidetes;c__Flavobacteriia;o__Flavobacteriales;f__Cryomorphaceae,k__Bacteria;p__Bacteroidetes;c__Flavobacteriia;o__Flavobacteriales;f__Flavobacteriaceae,k__Bacteria;p__Bacteroidetes;c__Flavobacteriia;o__Flavobacteriales;f__[Weeksellaceae],k__Bacteria;p__Bacteroidetes;c__Sphingobacteriia;o__Sphingobacteriales;f__Sphingobacteriaceae,k__Bacteria;p__Bacteroidetes;c__VC2_1_Bac22;o__;f__,k__Bacteria;p__Bacteroidetes;c__[Saprospirae];o__[Saprospirales];f__Chitinophagaceae,k__Bacteria;p__Bacteroidetes;c__[Saprospirae];o__[Saprospirales];f__Saprospiraceae,k__Bacteria;p__Chlamydiae;c__Chlamydiia;o__Chlamydiales;f__Simkaniaceae,k__Bacteria;p__Chloroflexi;c__C0119;o__;f__,k__Bacteria;p__Cyanobacteria;Other;Other;Other,k__Bacteria;p__Cyanobacteria;c__Gloeobacterophycideae;o__Gloeobacterales;f__Gloeobacteraceae,k__Bacteria;p__Cyanobacteria;c__Nostocophycideae;Other;Other,k__Bacteria;p__Cyanobacteria;c__Nostocophycideae;o__Nostocales;f__Nostocaceae,k__Bacteria;p__Cyanobacteria;c__Nostocophycideae;o__Stigonematales;f__Rivulariaceae,k__Bacteria;p__Cyanobacteria;c__Oscillatoriophycideae;o__Chroococcales;Other,k__Bacteria;p__Cyanobacteria;c__Oscillatoriophycideae;o__Chroococcales;f__,k__Bacteria;p__Cyanobacteria;c__Oscillatoriophycideae;o__Chroococcales;f__Cyanobacteriaceae,k__Bacteria;p__Cyanobacteria;c__Oscillatoriophycideae;o__Chroococcales;f__Xenococcaceae,k__Bacteria;p__Cyanobacteria;c__Oscillatoriophycideae;o__Oscillatoriales;f__Phormidiaceae,k__Bacteria;p__Cyanobacteria;c__Synechococcophycideae;o__Pseudanabaenales;f__Pseudanabaenaceae,k__Bacteria;p__Cyanobacteria;c__Synechococcophycideae;o__Synechococcales;f__Synechococcaceae,k__Bacteria;p__Firmicutes;c__Bacilli;o__Bacillales;f__Alicyclobacillaceae,k__Bacteria;p__Firmicutes;c__Bacilli;o__Bacillales;f__Bacillaceae,k__Bacteria;p__Firmicutes;c__Bacilli;o__Bacillales;f__Paenibacillaceae,k__Bacteria;p__Firmicutes;c__Bacilli;o__Bacillales;f__Planococcaceae,k__Bacteria;p__Firmicutes;c__Bacilli;o__Bacillales;f__Staphylococcaceae,k__Bacteria;p__Firmicutes;c__Bacilli;o__Bacillales;f__[Exiguobacteraceae],k__Bacteria;p__Firmicutes;c__Bacilli;o__Bacillales;f__[Thermicanaceae],k__Bacteria;p__Firmicutes;c__Bacilli;o__Gemellales;f__Gemellaceae,k__Bacteria;p__Firmicutes;c__Bacilli;o__Lactobacillales;f__Aerococcaceae,k__Bacteria;p__Firmicutes;c__Bacilli;o__Lactobacillales;f__Carnobacteriaceae,k__Bacteria;p__Firmicutes;c__Bacilli;o__Lactobacillales;f__Lactobacillaceae,k__Bacteria;p__Firmicutes;c__Bacilli;o__Lactobacillales;f__Leuconostocaceae,k__Bacteria;p__Firmicutes;c__Bacilli;o__Lactobacillales;f__Streptococcaceae,k__Bacteria;p__Firmicutes;c__Bacilli;o__Turicibacterales;f__Turicibacteraceae,k__Bacteria;p__Firmicutes;c__Clostridia;o__Clostridiales;f__,k__Bacteria;p__Firmicutes;c__Clostridia;o__Clostridiales;f__Clostridiaceae,k__Bacteria;p__Firmicutes;c__Clostridia;o__Clostridiales;f__Lachnospiraceae,k__Bacteria;p__Firmicutes;c__Clostridia;o__Clostridiales;f__Peptostreptococcaceae,k__Bacteria;p__Firmicutes;c__Clostridia;o__Clostridiales;f__Veillonellaceae,k__Bacteria;p__Firmicutes;c__Clostridia;o__Clostridiales;f__[Mogibacteriaceae],k__Bacteria;p__Firmicutes;c__Clostridia;o__Clostridiales;f__[Tissierellaceae],k__Bacteria;p__Fusobacteria;c__Fusobacteriia;o__Fusobacteriales;f__Fusobacteriaceae,k__Bacteria;p__Fusobacteria;c__Fusobacteriia;o__Fusobacteriales;f__Leptotrichiaceae,k__Bacteria;p__GN02;c__BD1-5;o__;f__,k__Bacteria;p__Gemmatimonadetes;c__Gemm-4;o__;f__,k__Bacteria;p__Gemmatimonadetes;c__Gemmatimonadetes;o__Gemmatimonadales;f__,k__Bacteria;p__Lentisphaerae;c__[Lentisphaeria];o__Lentisphaerales;f__Lentisphaeraceae,k__Bacteria;p__Planctomycetes;c__Phycisphaerae;o__Phycisphaerales;f__,k__Bacteria;p__Planctomycetes;c__Planctomycetia;o__Pirellulales;f__Pirellulaceae,k__Bacteria;p__Planctomycetes;c__Planctomycetia;o__Planctomycetales;f__Planctomycetaceae,k__Bacteria;p__Proteobacteria;Other;Other;Other,k__Bacteria;p__Proteobacteria;c__Alphaproteobacteria;Other;Other,k__Bacteria;p__Proteobacteria;c__Alphaproteobacteria;o__;f__,k__Bacteria;p__Proteobacteria;c__Alphaproteobacteria;o__BD7-3;f__,k__Bacteria;p__Proteobacteria;c__Alphaproteobacteria;o__Caulobacterales;f__Caulobacteraceae,k__Bacteria;p__Proteobacteria;c__Alphaproteobacteria;o__Kiloniellales;f__,k__Bacteria;p__Proteobacteria;c__Alphaproteobacteria;o__Kiloniellales;f__Kiloniellaceae,k__Bacteria;p__Proteobacteria;c__Alphaproteobacteria;o__Rhizobiales;Other,k__Bacteria;p__Proteobacteria;c__Alphaproteobacteria;o__Rhizobiales;f__,k__Bacteria;p__Proteobacteria;c__Alphaproteobacteria;o__Rhizobiales;f__Bradyrhizobiaceae,k__Bacteria;p__Proteobacteria;c__Alphaproteobacteria;o__Rhizobiales;f__Cohaesibacteraceae,k__Bacteria;p__Proteobacteria;c__Alphaproteobacteria;o__Rhizobiales;f__Hyphomicrobiaceae,k__Bacteria;p__Proteobacteria;c__Alphaproteobacteria;o__Rhizobiales;f__Methylobacteriaceae,k__Bacteria;p__Proteobacteria;c__Alphaproteobacteria;o__Rhizobiales;f__Methylocystaceae,k__Bacteria;p__Proteobacteria;c__Alphaproteobacteria;o__Rhizobiales;f__Phyllobacteriaceae,k__Bacteria;p__Proteobacteria;c__Alphaproteobacteria;o__Rhizobiales;f__Rhizobiaceae,k__Bacteria;p__Proteobacteria;c__Alphaproteobacteria;o__Rhodobacterales;f__Hyphomonadaceae,k__Bacteria;p__Proteobacteria;c__Alphaproteobacteria;o__Rhodobacterales;f__Rhodobacteraceae,k__Bacteria;p__Proteobacteria;c__Alphaproteobacteria;o__Rhodospirillales;f__,k__Bacteria;p__Proteobacteria;c__Alphaproteobacteria;o__Rhodospirillales;f__Acetobacteraceae,k__Bacteria;p__Proteobacteria;c__Alphaproteobacteria;o__Rhodospirillales;f__Rhodospirillaceae,k__Bacteria;p__Proteobacteria;c__Alphaproteobacteria;o__Rickettsiales;f__,k__Bacteria;p__Proteobacteria;c__Alphaproteobacteria;o__Rickettsiales;f__AEGEAN_112,k__Bacteria;p__Proteobacteria;c__Alphaproteobacteria;o__Rickettsiales;f__Pelagibacteraceae,k__Bacteria;p__Proteobacteria;c__Alphaproteobacteria;o__Rickettsiales;f__Rickettsiaceae,k__Bacteria;p__Proteobacteria;c__Alphaproteobacteria;o__Sphingomonadales;f__Erythrobacteraceae,k__Bacteria;p__Proteobacteria;c__Alphaproteobacteria;o__Sphingomonadales;f__Sphingomonadaceae,k__Bacteria;p__Proteobacteria;c__Betaproteobacteria;o__Burkholderiales;f__Alcaligenaceae,k__Bacteria;p__Proteobacteria;c__Betaproteobacteria;o__Burkholderiales;f__Burkholderiaceae,k__Bacteria;p__Proteobacteria;c__Betaproteobacteria;o__Burkholderiales;f__Comamonadaceae,k__Bacteria;p__Proteobacteria;c__Betaproteobacteria;o__Burkholderiales;f__Oxalobacteraceae,k__Bacteria;p__Proteobacteria;c__Betaproteobacteria;o__MWH-UniP1;f__,k__Bacteria;p__Proteobacteria;c__Betaproteobacteria;o__Methylophilales;f__Methylophilaceae,k__Bacteria;p__Proteobacteria;c__Betaproteobacteria;o__Neisseriales;f__Neisseriaceae,k__Bacteria;p__Proteobacteria;c__Betaproteobacteria;o__Rhodocyclales;f__Rhodocyclaceae,k__Bacteria;p__Proteobacteria;c__Deltaproteobacteria;o__Bdellovibrionales;f__Bacteriovoracaceae,k__Bacteria;p__Proteobacteria;c__Deltaproteobacteria;o__Bdellovibrionales;f__Bdellovibrionaceae,k__Bacteria;p__Proteobacteria;c__Deltaproteobacteria;o__Desulfobacterales;f__Desulfobacteraceae,k__Bacteria;p__Proteobacteria;c__Deltaproteobacteria;o__Desulfovibrionales;f__Desulfovibrionaceae,k__Bacteria;p__Proteobacteria;c__Deltaproteobacteria;o__MIZ46;f__,k__Bacteria;p__Proteobacteria;c__Deltaproteobacteria;o__Myxococcales;f__,k__Bacteria;p__Proteobacteria;c__Deltaproteobacteria;o__Myxococcales;f__Cystobacterineae,k__Bacteria;p__Proteobacteria;c__Deltaproteobacteria;o__Myxococcales;f__OM27,k__Bacteria;p__Proteobacteria;c__Deltaproteobacteria;o__Sva0853;f__,k__Bacteria;p__Proteobacteria;c__Deltaproteobacteria;o__Sva0853;f__S25_1238,k__Bacteria;p__Proteobacteria;c__Epsilonproteobacteria;o__Campylobacterales;f__,k__Bacteria;p__Proteobacteria;c__Epsilonproteobacteria;o__Campylobacterales;f__Campylobacteraceae,k__Bacteria;p__Proteobacteria;c__Gammaproteobacteria;Other;Other,k__Bacteria;p__Proteobacteria;c__Gammaproteobacteria;o__;f__,k__Bacteria;p__Proteobacteria;c__Gammaproteobacteria;o__Aeromonadales;f__Aeromonadaceae,k__Bacteria;p__Proteobacteria;c__Gammaproteobacteria;o__Alteromonadales;f__,k__Bacteria;p__Proteobacteria;c__Gammaproteobacteria;o__Alteromonadales;f__Alteromonadaceae,k__Bacteria;p__Proteobacteria;c__Gammaproteobacteria;o__Alteromonadales;f__Colwelliaceae,k__Bacteria;p__Proteobacteria;c__Gammaproteobacteria;o__Alteromonadales;f__Idiomarinaceae,k__Bacteria;p__Proteobacteria;c__Gammaproteobacteria;o__Alteromonadales;f__J115,k__Bacteria;p__Proteobacteria;c__Gammaproteobacteria;o__Alteromonadales;f__OM60,k__Bacteria;p__Proteobacteria;c__Gammaproteobacteria;o__Alteromonadales;f__Shewanellaceae,k__Bacteria;p__Proteobacteria;c__Gammaproteobacteria;o__Alteromonadales;f__[Chromatiaceae],k__Bacteria;p__Proteobacteria;c__Gammaproteobacteria;o__Cardiobacteriales;f__Cardiobacteriaceae,k__Bacteria;p__Proteobacteria;c__Gammaproteobacteria;o__Chromatiales;f__,k__Bacteria;p__Proteobacteria;c__Gammaproteobacteria;o__Enterobacteriales;f__Enterobacteriaceae,k__Bacteria;p__Proteobacteria;c__Gammaproteobacteria;o__HTCC2188;f__HTCC2089,k__Bacteria;p__Proteobacteria;c__Gammaproteobacteria;o__Legionellales;Other,k__Bacteria;p__Proteobacteria;c__Gammaproteobacteria;o__Legionellales;f__Coxiellaceae,k__Bacteria;p__Proteobacteria;c__Gammaproteobacteria;o__Legionellales;f__Francisellaceae,k__Bacteria;p__Proteobacteria;c__Gammaproteobacteria;o__Oceanospirillales;f__,k__Bacteria;p__Proteobacteria;c__Gammaproteobacteria;o__Oceanospirillales;f__Alcanivoracaceae,k__Bacteria;p__Proteobacteria;c__Gammaproteobacteria;o__Oceanospirillales;f__Endozoicimonaceae,k__Bacteria;p__Proteobacteria;c__Gammaproteobacteria;o__Oceanospirillales;f__Halomonadaceae,k__Bacteria;p__Proteobacteria;c__Gammaproteobacteria;o__Oceanospirillales;f__Oceanospirillaceae,k__Bacteria;p__Proteobacteria;c__Gammaproteobacteria;o__Pasteurellales;f__Pasteurellaceae,k__Bacteria;p__Proteobacteria;c__Gammaproteobacteria;o__Pseudomonadales;f__Moraxellaceae,k__Bacteria;p__Proteobacteria;c__Gammaproteobacteria;o__Pseudomonadales;f__Pseudomonadaceae,k__Bacteria;p__Proteobacteria;c__Gammaproteobacteria;o__Salinisphaerales;f__Salinisphaeraceae,k__Bacteria;p__Proteobacteria;c__Gammaproteobacteria;o__Thiohalorhabdales;f__,k__Bacteria;p__Proteobacteria;c__Gammaproteobacteria;o__Thiotrichales;f__Piscirickettsiaceae,k__Bacteria;p__Proteobacteria;c__Gammaproteobacteria;o__Vibrionales;Other,k__Bacteria;p__Proteobacteria;c__Gammaproteobacteria;o__Vibrionales;f__Pseudoalteromonadaceae,k__Bacteria;p__Proteobacteria;c__Gammaproteobacteria;o__Vibrionales;f__Vibrionaceae,k__Bacteria;p__Proteobacteria;c__Gammaproteobacteria;o__Xanthomonadales;f__Sinobacteraceae,k__Bacteria;p__Proteobacteria;c__Gammaproteobacteria;o__Xanthomonadales;f__Xanthomonadaceae,k__Bacteria;p__Proteobacteria;c__Gammaproteobacteria;o__[Marinicellales];f__[Marinicellaceae],k__Bacteria;p__SAR406;c__AB16;o__Arctic96B-7;f__A714017,k__Bacteria;p__Spirochaetes;c__Spirochaetes;o__Spirochaetales;f__Spirochaetaceae,k__Bacteria;p__Spirochaetes;c__[Leptospirae];o__[Leptospirales];f__Leptospiraceae,k__Bacteria;p__TM7;c__TM7-3;o__;f__,k__Bacteria;p__Tenericutes;c__Mollicutes;o__Entomoplasmatales;f__,k__Bacteria;p__Verrucomicrobia;c__Verrucomicrobiae;o__Verrucomicrobiales;f__Verrucomicrobiaceae
Jan2016.acr127,0,0,0,0,0,0,0,0,0,0,0,0,0,0,0.023765996,0.060329068,0,0,0.018281536,0,0,0,0,0,0.02559415,0,0,0,0,0,0,0,0,0,0,0,0,0,0.047531993,0,0,0,0,0,0,0,0,0,0,0,0,0,0,0,0,0,0,0,0,0,0,0,0,0,0,0,0,0,0,0,0,0.014625229,0,0,0,0,0,0,0,0,0,0,0.014625229,0,0,0.029250457,0,0.058500914,0,0,0,0,0,0,0,0,0,0,0,0,0,0,0,0,0,0.027422303,0,0,0,0,0,0,0,0,0,0.014625229,0,0.029250457,0,0,0,0,0,0,0,0,0,0,0,0,0,0,0,0,0,0,0,0,0,0,0,0,0,0,0,0,0,0,0,0,0,0,0,0,0,0,0,0,0,0,0,0.018281536,0,0,0,0,0,0.0511883,0,0,0,0.447897623,0.07678245,0,0,0,0,0,0.042047532,0,0,0,0,0,0,0,0,0
Jan2016.acr129,0,0,0,0,0,0,0,0.033057851,0,0,0,0,0,0,0,0.074380165,0,0,0,0,0,0,0,0,0,0,0,0,0,0,0,0,0,0,0,0,0,0,0,0,0,0,0,0,0,0,0.070247934,0,0,0,0,0,0,0,0,0,0,0,0,0,0,0,0,0,0,0,0,0,0,0.049586777,0,0,0,0,0,0,0,0,0,0,0,0,0.061983471,0.033057851,0,0,0,0.070247934,0,0,0,0.033057851,0,0,0,0,0,0,0,0,0,0,0,0,0,0,0,0,0,0,0,0.066115702,0,0,0,0,0,0,0,0,0,0,0,0,0,0,0,0,0,0,0,0,0,0,0,0,0,0,0,0,0,0,0,0,0,0.297520661,0,0,0,0,0,0,0,0,0,0,0,0,0,0,0,0,0,0,0,0,0,0,0,0,0,0.136363636,0.074380165,0,0,0,0,0,0,0,0,0,0,0,0,0,0,0
Jan2016.acr134,0,0,0.035971223,0,0,0,0,0,0,0,0,0,0,0,0,0,0,0,0,0,0,0,0,0,0,0,0,0,0,0,0,0,0,0,0,0,0,0,0,0,0,0,0,0,0,0,0,0,0,0,0,0,0,0,0,0,0,0,0,0,0,0,0,0,0,0,0,0,0,0.028776978,0,0,0,0,0,0,0,0,0,0,0,0.014388489,0,0,0,0,0,0,0,0,0,0,0,0,0,0,0,0,0,0,0,0,0,0,0.021582734,0,0,0,0,0,0,0,0,0,0,0,0,0,0,0,0,0,0,0,0,0,0,0,0,0,0,0,0,0,0.014388489,0,0,0,0,0,0,0,0,0,0,0.021582734,0,0,0,0,0,0.021582734,0,0,0,0,0,0.014388489,0,0,0,0,0,0,0,0,0,0.71942446,0,0,0,0.107913669,0,0,0,0,0,0,0,0,0,0,0,0,0,0,0,0
Jan2016.acr135,0,0,0.034042553,0,0,0,0,0,0,0,0,0,0,0,0,0.009574468,0,0,0,0,0,0,0,0,0.00212766,0,0,0,0,0,0,0,0,0,0,0,0,0,0,0,0,0,0,0,0,0,0,0,0,0,0.007446809,0,0,0,0,0,0.008510638,0,0,0,0,0,0,0,0,0,0,0,0,0.009574468,0,0,0,0,0,0,0,0,0,0,0,0,0,0,0,0,0,0,0,0,0,0,0,0,0,0,0,0,0,0,0,0,0,0,0,0.005319149,0,0,0,0,0,0,0,0,0,0,0,0.00212766,0,0,0,0,0,0,0,0,0,0,0,0,0,0,0,0,0,0,0,0,0,0,0,0,0,0,0,0,0,0,0,0,0,0.019148936,0,0,0,0,0,0,0,0,0,0,0,0,0.008510638,0,0,0.860638298,0.00212766,0.00212766,0,0.013829787,0.005319149,0,0,0,0,0.003191489,0.003191489,0,0,0,0,0,0.003191489,0,0,0
Jan2016.acr161,0,0,0,0,0,0,0,0,0,0,0,0,0,0.024299065,0,0.054205607,0,0.014953271,0,0,0,0,0,0,0.007476636,0,0,0,0,0,0,0,0,0,0,0,0,0,0,0,0,0,0,0,0,0,0,0,0,0.005607477,0,0,0,0,0,0,0,0,0,0,0,0,0,0,0,0,0,0,0,0.020560748,0,0,0,0,0,0,0,0,0,0,0,0,0.026168224,0,0,0,0,0,0,0,0.031775701,0,0,0,0,0,0,0,0,0,0,0,0,0,0,0.024299065,0,0,0,0,0,0,0,0,0,0,0,0.041121495,0,0,0,0.007476636,0,0,0,0,0,0,0,0,0,0,0,0,0,0,0,0,0,0,0,0,0,0,0,0,0,0,0,0.044859813,0,0.029906542,0,0,0,0,0,0,0,0,0.005607477,0,0,0,0,0,0,0.469158879,0.022429907,0.014953271,0,0.044859813,0.046728972,0,0,0,0.022429907,0,0,0,0.020560748,0,0,0,0,0,0,0.020560748
Jan2016.acr18,0,0,0.070707071,0,0,0,0,0,0,0,0,0,0,0,0,0.02020202,0,0,0,0,0.017676768,0,0,0,0.047979798,0,0,0,0,0,0,0,0,0,0,0,0,0,0,0,0,0,0,0,0,0,0,0,0,0,0,0,0,0,0,0,0.012626263,0,0,0,0,0,0,0,0,0,0,0,0,0.01010101,0,0.184343434,0,0,0,0,0.045454545,0,0,0,0,0,0,0,0,0,0,0,0,0,0,0,0,0,0,0,0,0,0,0,0,0,0.007575758,0,0,0,0,0,0,0,0,0,0,0,0,0,0,0.042929293,0,0,0,0,0,0,0,0,0,0,0,0.015151515,0,0,0,0,0,0,0,0,0,0,0,0,0,0,0,0,0,0,0,0.005050505,0,0.080808081,0,0,0,0,0,0,0,0,0.007575758,0,0,0,0,0,0,0.255050505,0,0,0,0.128787879,0.03030303,0,0,0,0,0.017676768,0,0,0,0,0,0,0,0,0,0
Jan2016.acr2,0,0,0,0,0,0,0,0,0,0,0,0,0,0,0,0.002253267,0,0,0,0,0,0,0,0,0,0,0,0,0,0,0,0,0,0,0,0,0,0,0,0,0,0,0,0,0,0,0,0,0,0,0.001802614,0,0,0,0,0,0.004957188,0,0,0,0,0,0,0,0,0,0,0,0,0.006309148,0,0,0.004055881,0,0,0,0,0,0,0,0,0,0,0,0,0,0,0,0,0,0,0,0.000901307,0,0,0,0,0,0,0,0,0,0,0,0,0.003154574,0,0,0,0,0,0,0,0,0,0,0,0,0,0,0.003154574,0,0,0,0.014871564,0,0,0,0,0,0,0,0,0.002253267,0,0,0,0,0,0,0,0,0,0,0,0,0,0,0,0,0,0,0,0,0,0,0,0.000901307,0,0,0,0,0,0,0.000901307,0,0,0.94637224,0,0,0.003154574,0,0,0,0,0,0,0,0.00135196,0,0,0,0,0,0.003605228,0,0,0
Jan2016.acr30,0,0,0,0,0,0,0,0,0,0,0,0,0,0,0,0,0,0,0,0,0,0,0,0,0,0,0,0,0,0,0,0,0,0,0,0,0,0,0,0,0,0,0,0,0,0,0,0,0,0,0,0,0,0,0,0,0,0,0,0,0,0,0,0,0,0,0,0,0,0.003511853,0,0,0,0,0,0,0,0,0,0,0,0,0,0,0,0,0,0,0,0,0,0,0,0,0,0,0,0,0,0,0,0,0,0,0,0.007901668,0,0,0,0,0,0,0,0,0,0,0,0.004389816,0,0,0,0,0,0,0,0.002633889,0,0,0,0,0,0,0,0,0,0,0,0,0,0,0,0,0,0,0,0,0,0,0,0,0,0.176470588,0,0.041264267,0,0,0,0,0,0,0,0,0,0,0,0,0,0.706760316,0.027216857,0.002633889,0,0.007901668,0,0,0,0,0,0.019315189,0,0,0,0,0,0,0,0,0,0
Jan2016.acr36,0,0,0,0,0,0,0,0,0,0,0,0,0,0,0,0,0,0,0,0,0,0,0,0,0,0,0,0,0,0,0,0,0,0,0,0,0,0,0,0,0,0,0,0,0,0,0,1,0,0,0,0,0,0,0,0,0,0,0,0,0,0,0,0,0,0,0,0,0,0,0,0,0,0,0,0,0,0,0,0,0,0,0,0,0,0,0,0,0,0,0,0,0,0,0,0,0,0,0,0,0,0,0,0,0,0,0,0,0,0,0,0,0,0,0,0,0,0,0,0,0,0,0,0,0,0,0,0,0,0,0,0,0,0,0,0,0,0,0,0,0,0,0,0,0,0,0,0,0,0,0,0,0,0,0,0,0,0,0,0,0,0,0,0,0,0,0,0,0,0,0,0,0,0,0,0,0,0,0,0,0,0,0,0,0,0,0,0
Jan2016.acr56,0,0.008237013,0,0,0,0,0,0,0,0,0,0,0,0,0.015544041,0.394712369,0,0,0,0,0,0,0,0.017005447,0.006775608,0,0,0,0,0,0.001461406,0,0,0,0,0,0,0,0,0,0,0.034808024,0,0,0,0,0,0,0,0,0,0,0,0,0,0,0,0,0,0,0,0,0,0,0,0,0,0,0,0,0,0,0,0,0.013285506,0,0,0,0,0,0,0,0.025773881,0,0,0,0,0,0,0,0.094991364,0,0,0,0,0,0,0,0,0,0,0,0,0,0,0,0,0,0,0,0,0,0,0,0,0,0,0,0,0,0,0,0,0,0,0,0,0,0,0,0,0,0,0,0,0,0,0,0,0,0,0,0,0,0,0,0,0,0,0,0,0,0,0,0,0,0,0,0,0,0,0,0,0,0,0,0,0.041185067,0,0,0,0.330941942,0.008104158,0,0,0,0,0,0.007174173,0,0,0,0,0,0,0,0,0
Jan2016.acr62,0,0,0,0,0,0,0,0,0,0,0,0,0,0,0,0.000389484,0,0,0,0,0,0,0,0,0.000292113,0,0,0,0,0,0.000194742,0,0,0,0,0,0,0,0,0,0,0,0,0,0,0,0,0,0,0.000194742,0,0,0,0,0,0,0,0,0,0,0,0,0,0,0,0,0,0,0,0.003797468,0,0,0,0,0,0.000486855,0,0,0,0,0,0,0.000194742,0,0,0,0,0,0,0,0,0,0,0,0,0,0,0.000584226,0.000778968,0,0,0,0.000389484,0,0,0.003115871,0,0,0,0,0,0,0,0,0,0,0,0.000778968,0,0,0,0,0,0.000194742,0,0,0,0,0,0,0,0,0,0,0,0,0,0,0,0,0,0,0,0.000584226,0,0,0,0,0,0,0,0,0,0,0,0.000584226,0,0,0,0,0,0,0,0,0,0,0,0.983641675,0.000486855,0,0,0.002434275,0,0,0.000584226,0,0,0,0.000292113,0,0,0,0,0,0,0,0,0
Jan2016.acr64,0,0,0,0,0,0,0,0,0,0,0,0,0,0.015748031,0,0.026246719,0,0,0,0,0,0,0,0,0,0,0,0,0.015748031,0,0.010498688,0,0,0,0,0,0,0,0,0,0,0,0,0,0,0,0,0,0,0.015748031,0.005249344,0.007874016,0.020997375,0,0,0,0,0,0,0,0,0,0,0,0,0,0,0,0,0,0,0,0,0,0.083989501,0,0,0,0,0.01312336,0,0,0.052493438,0,0,0,0,0,0,0,0.023622047,0.010498688,0,0,0,0,0,0,0,0,0,0,0,0,0,0,0,0,0,0,0,0,0,0,0,0,0,0,0,0,0,0,0,0.018372703,0,0,0,0,0,0,0,0,0,0,0,0,0,0,0,0,0,0,0,0,0,0,0,0,0,0.007874016,0,0.01312336,0,0,0,0,0,0,0,0,0.005249344,0,0,0,0,0,0,0.530183727,0,0,0,0.026246719,0.097112861,0,0,0,0,0,0,0,0,0,0,0,0,0,0,0
Jan2016.acr66,0,0,0,0,0,0,0,0,0,0,0,0,0,0,0,0.019125683,0,0,0,0,0.027322404,0,0,0,0.024590164,0,0,0,0,0,0,0,0,0,0,0,0,0,0,0,0,0,0,0,0,0,0,0,0,0.051912568,0.046448087,0,0,0,0,0,0,0,0,0,0,0,0,0,0,0,0,0,0,0.131147541,0,0.005464481,0,0,0.084699454,0,0,0,0,0,0,0,0,0,0,0,0,0,0,0,0,0,0,0,0,0,0,0,0,0,0,0,0.019125683,0,0,0,0,0,0,0,0,0,0,0,0,0,0,0,0,0,0,0,0,0.008196721,0,0,0,0.016393443,0,0,0.016393443,0,0,0,0,0,0,0,0,0,0,0,0,0,0,0,0,0,0,0,0,0,0,0,0,0,0,0,0,0,0,0,0,0,0,0,0,0.133879781,0,0,0,0.270491803,0.133879781,0,0,0,0,0.010928962,0,0,0,0,0,0,0,0,0,0
Jan2016.acr68,0,0.003952569,0,0,0,0,0,0,0,0,0,0,0,0,0,0,0,0,0,0,0,0,0,0,0,0,0,0,0,0,0,0,0,0,0,0,0,0,0,0,0,0,0,0,0,0,0,0,0,0.015810277,0.009881423,0,0,0,0,0,0,0,0,0,0,0,0,0,0,0,0,0,0,0.057312253,0,0,0,0,0.009881423,0,0,0,0,0,0,0,0,0,0,0,0,0,0,0,0,0,0,0,0,0,0,0,0,0,0,0,0.005928854,0,0,0,0,0,0,0,0,0,0,0,0,0,0,0,0,0,0,0,0,0.003952569,0,0,0,0,0,0,0,0,0,0,0,0,0,0,0,0,0,0,0,0,0,0,0,0,0,0,0,0,0,0,0,0.005928854,0,0,0,0,0.005928854,0,0,0,0,0,0,0.853754941,0,0,0,0.011857708,0.015810277,0,0,0,0,0,0,0,0,0,0,0,0,0,0,0
Jan2016.acr76,0,0,0,0,0,0,0,0,0,0,0,0,0,0.012562814,0,0.030150754,0,0,0,0.007537688,0,0.020100503,0,0.00879397,0.007537688,0,0,0,0,0,0.006281407,0,0,0,0,0,0,0,0,0,0,0,0,0,0,0.06281407,0,0,0,0.002512563,0.030150754,0.035175879,0,0,0,0,0,0,0,0,0,0,0,0,0,0,0,0,0,0.00879397,0,0,0,0.013819095,0.02638191,0,0,0,0.030150754,0.033919598,0.012562814,0,0.079145729,0,0,0,0.01758794,0,0,0,0.015075377,0,0,0,0,0,0,0,0,0,0,0,0,0,0,0,0,0,0,0,0,0,0.038944724,0,0,0,0,0,0,0,0,0,0,0,0,0,0.003768844,0,0,0,0,0,0,0,0.007537688,0,0,0,0,0,0,0,0,0,0,0,0,0,0,0,0,0.011306533,0,0,0,0,0,0,0,0,0.01758794,0,0,0,0,0,0,0.252512563,0,0,0.038944724,0.07160804,0.070351759,0,0,0,0.02638191,0,0,0,0,0,0,0,0,0,0,0
Jan2016.acr84,0,0.028571429,0,0,0,0,0,0,0,0,0,0,0,0,0,0.028571429,0,0,0,0,0,0,0,0,0.042857143,0,0,0,0,0,0,0,0,0,0,0,0,0,0,0.071428571,0,0,0,0,0,0,0,0,0,0.071428571,0,0.028571429,0,0,0,0,0,0,0,0,0,0,0,0,0,0,0,0,0,0.171428571,0,0,0,0,0.071428571,0,0,0,0,0,0,0,0.028571429,0,0,0.028571429,0,0,0,0,0,0.1,0,0,0,0,0,0,0,0,0,0,0,0,0,0.042857143,0,0,0,0,0,0,0,0,0,0,0,0,0,0,0,0,0,0,0,0,0,0,0,0,0,0,0,0,0,0,0,0,0,0,0.028571429,0,0,0,0,0,0,0,0,0,0,0,0,0,0,0,0,0,0,0,0,0,0,0,0,0,0,0.214285714,0,0,0,0,0,0,0,0,0,0,0.042857143,0,0,0,0,0,0,0,0,0
Jan2016.acr88,0,0,0,0,0,0,0,0,0,0,0,0,0,0,0,0.015444015,0,0,0,0,0,0,0,0,0,0,0,0,0,0,0,0,0,0,0,0,0,0,0,0,0,0,0,0,0,0,0,0,0,0.030888031,0.015444015,0.027027027,0,0,0,0,0,0,0,0,0,0,0,0,0,0,0,0,0,0.030888031,0,0,0,0.027027027,0.027027027,0.019305019,0,0,0,0,0,0,0,0,0,0,0,0,0,0,0,0,0,0,0,0,0,0,0,0,0,0,0.011583012,0,0,0,0,0,0,0,0,0,0,0,0,0,0,0,0,0,0,0,0,0,0,0,0,0,0,0,0.007722008,0,0,0,0,0,0,0,0,0,0,0,0,0,0,0,0,0,0,0,0,0,0,0,0,0,0,0,0,0,0.007722008,0,0,0,0,0,0,0.555984556,0,0,0,0.077220077,0.11969112,0,0,0,0.015444015,0,0,0,0,0,0.011583012,0,0,0,0,0
Jan2016.acr90,0,0,0,0,0,0,0,0,0,0,0,0,0,0,0.002120441,0.000636132,0,0,0,0,0,0,0,0.000848176,0,0,0,0,0,0,0,0,0,0,0,0,0,0,0,0,0,0.000424088,0,0,0,0,0,0.014418999,0,0,0,0.004877014,0,0,0,0,0,0,0,0,0,0,0,0,0,0,0,0,0,0.0072095,0,0,0,0,0.006149279,0,0,0,0,0,0,0,0,0,0,0,0,0,0,0,0,0,0,0,0,0,0,0,0,0,0,0,0,0,0,0,0,0,0,0,0,0,0,0,0,0,0,0.000848176,0,0,0,0,0,0,0,0,0,0,0,0,0,0,0,0,0,0,0,0,0,0,0,0,0,0,0,0,0,0,0,0,0,0,0,0,0,0,0,0,0,0,0,0,0,0,0,0,0,0.948685327,0,0,0,0.005513147,0.00826972,0,0,0,0,0,0,0,0,0,0,0,0,0,0,0
Jan2017.acr127,0,0,0,0,0,0,0,0,0,0,0,0,0,0,0,0,0,0,0,0,0.000887311,0,0,0,0.000887311,0,0,0,0,0,0,0,0,0,0,0,0,0,0,0,0,0,0,0,0,0,0,0,0,0,0.000887311,0,0,0,0,0,0,0,0,0,0,0,0,0,0,0,0,0,0,0.00621118,0,0,0,0,0,0.000887311,0,0,0,0,0,0,0,0,0,0,0,0,0,0,0,0,0,0,0,0,0,0,0,0,0,0,0.001330967,0,0,0,0,0,0,0,0,0,0,0,0,0,0,0,0,0,0,0,0,0.001774623,0,0,0,0,0,0,0,0,0,0,0,0,0,0,0,0,0,0,0,0,0,0,0,0,0,0,0,0,0,0,0,0,0,0,0,0,0,0,0,0,0,0,0,0.987133984,0,0,0,0,0,0,0,0,0,0,0,0,0,0,0,0,0,0,0,0
Jan2017.acr161,0,0,0,0,0,0,0,0,0,0,0,0,0,0,0,0,0,0,0,0,0,0.000442347,0,0,0,0,0,0,0,0,0,0,0,0,0,0,0,0,0,0,0,0,0,0,0,0,0,0,0,0,0,0,0,0,0,0,0,0,0,0,0,0,0,0,0,0,0,0,0,0.000442347,0,0,0,0,0,0,0,0,0,0,0.000294898,0,0,0,0,0,0,0,0,0,0,0,0,0,0,0,0,0,0,0,0,0,0,0,0,0,0,0,0,0,0,0,0,0,0,0,0,0,0,0,0,0,0,0,0,0.000294898,0,0,0,0,0,0,0,0,0,0,0,0,0,0,0,0,0,0,0,0,0,0,0,0,0,0.000294898,0,0,0,0,0,0,0,0,0,0,0,0,0,0,0,0.997640814,0,0,0,0.000294898,0.000294898,0,0,0,0,0,0,0,0,0,0,0,0,0,0,0
Jan2017.acr18,0,0,0,0,0,0,0,0,0,0,0,0,0,0,0,0,0,0,0,0,0,0,0,0,0,0,0,0,0,0,0,0,0,0,0,0,0,0,0,0,0,0,0,0,0,0,0.000215355,0,0,0,0,0,0,0,0,0,0,0,0,0,0,0,0,0,0,0,0,0,0,0.000323032,0,0,0,0,0,0,0,0,0,0,0,0,0,0,0,0,0.04220954,0,0,0,0,0,0,0,0,0,0,0,0,0,0,0,0,0,0,0,0.000969097,0,0,0,0,0,0,0,0,0,0,0.00043071,0,0,0,0,0,0,0,0,0,0,0,0,0,0,0,0,0,0,0,0,0,0,0,0,0,0,0,0,0,0,0,0,0,0.001938193,0,0,0,0,0,0,0,0,0,0,0,0,0,0,0.000323032,0.945838269,0,0,0,0,0.007537418,0,0,0,0,0,0,0,0,0,0,0,0,0,0.000215355,0
Jan2017.acr30,0,0,0,0,0,0,0,0,0,0,0,0,0,0,0,0,0,0,0,0,0,0,0,0,0,0,0,0,0,0,0,0,0,0,0,0,0,0,0,0,0,0,0,0,0,0,0,0,0,0,0,0,0,0,0,0,0,0,0,0,0,0,0,0,0,0,0,0,0,0.001124859,0,0,0,0,0,0,0,0,0,0,0,0,0,0,0,0,0,0,0,0,0,0,0,0,0,0,0,0,0,0,0,0,0,0,0,0,0,0,0,0,0,0,0,0,0,0,0,0.000449944,0,0,0,0,0,0,0,0,0,0,0,0.000449944,0,0,0,0,0,0,0,0,0,0,0,0,0,0,0,0,0,0,0,0,0,0.001349831,0,0,0,0,0,0,0,0,0,0,0,0,0,0,0,0.995275591,0,0,0,0.000899888,0,0,0,0.000449944,0,0,0,0,0,0,0,0,0,0,0,0
Jan2017.acr36,0,0,0,0,0,0,0,0.000251383,0,0,0,0,0,0,0,0.000251383,0,0,0,0,0,0,0,0,0,0,0,0,0,0,0,0,0,0,0,0,0,0,0,0,0,0,0,0,0,0,0,0,0,0,0,0,0,0,0,0,0,0,0,0,0,0,0,0,0,0,0,0,0,0.00100553,0,0,0,0,0,0,0.000251383,0,0,0,0,0,0,0,0,0,0,0,0,0,0,0,0,0,0,0,0,0,0,0,0,0,0,0,0,0,0,0,0,0,0,0,0,0,0,0,0,0.000754148,0,0,0,0,0,0,0,0,0,0,0,0,0,0,0,0,0,0,0,0,0,0,0,0,0,0,0,0,0,0,0,0,0,0,0,0,0,0,0,0,0,0,0,0,0,0,0,0,0,0.997234791,0,0,0,0.000251383,0,0,0,0,0,0,0,0,0,0,0,0,0,0,0,0
Jan2017.acr44,0,0,0,0,0,0,0,0,0,0,0,0,0,0,0,0,0,0,0.000538068,0,0.000807103,0,0,0,0,0,0,0,0,0,0,0,0,0,0,0,0,0,0,0,0,0,0,0,0,0,0,0,0,0,0.002421308,0,0,0,0,0,0,0,0,0,0,0,0,0,0,0,0,0,0,0.00322841,0,0,0,0,0,0,0,0,0,0,0,0,0,0,0,0,0.001614205,0,0,0,0,0,0,0,0,0,0,0,0,0,0,0,0,0,0,0.001076137,0,0,0,0,0,0,0.001076137,0,0,0,0,0.001614205,0,0,0,0,0.001883239,0.000807103,0,0,0,0,0,0,0,0,0,0,0.000538068,0,0,0,0,0,0,0,0,0,0,0,0,0,0,0,0,0,0,0,0,0,0,0.008071025,0,0,0.000807103,0,0,0,0,0,0,0.96125908,0.002152273,0,0,0.009147162,0.000538068,0,0,0,0,0,0,0,0,0,0.002421308,0,0,0,0,0
Jan2017.acr60,0,0.000230947,0,0,0,0,0,0.000692841,0,0,0,0,0,0,0,0,0,0,0,0,0,0,0,0,0.000692841,0,0,0,0,0,0,0,0,0,0,0,0,0,0,0,0,0,0,0,0,0,0,0,0,0,0.000461894,0,0,0,0,0,0,0,0,0,0,0,0,0,0,0,0,0,0,0.000461894,0,0,0,0,0,0,0,0,0,0,0,0,0,0,0,0,0.000230947,0,0,0,0,0,0,0,0,0,0,0,0.00034642,0,0,0,0,0,0,0,0,0,0,0,0,0,0,0,0,0,0,0.00034642,0,0,0,0,0,0.000577367,0,0,0,0,0,0,0,0,0,0,0,0,0,0,0,0,0,0,0,0,0,0,0,0,0,0,0,0.000808314,0,0,0,0,0,0,0,0,0,0,0,0,0,0,0,0.994688222,0,0,0,0.000461894,0,0,0,0,0,0,0,0,0,0,0,0,0,0,0,0
Jan2017.acr62,0,0,0,0,0,0,0,0,0,0,0,0,0,0,0,0,0,0,0,0,0,0,0,0,0.000324465,0,0,0,0,0,0,0,0,0,0,0,0,0,0,0,0,0,0,0,0,0,0,0,0,0,0,0,0,0,0,0,0,0,0,0,0,0,0,0.004542505,0,0,0,0,0,0.00043262,0,0,0,0,0,0,0,0,0,0,0,0,0,0,0,0,0,0,0,0,0,0,0,0,0,0,0,0,0,0,0,0,0,0,0,0,0,0,0,0,0,0,0,0,0,0,0.00021631,0,0,0,0,0,0,0,0,0,0,0,0,0,0,0,0,0,0,0,0,0,0,0,0,0,0,0,0,0,0,0,0,0,0,0,0,0,0,0,0,0,0,0,0,0,0,0,0,0,0,0.994051482,0,0,0,0.00043262,0,0,0,0,0,0,0,0,0,0,0,0,0,0,0,0
Jan2017.acr64,0,0,0,0,0,0,0,0,0,0,0,0,0,0,0,0,0,0,0.000298708,0,0.000149354,0,0,0,0,0,0,0,0,0,0,0,0,0,0,0,0,0,0,0,0,0,0,0,0.000448062,0,0.000448062,0,0,0,0,0,0,0,0,0,0,0,0,0,0,0,0,0,0,0,0,0,0,0,0,0,0,0,0,0,0,0,0,0,0,0,0,0,0,0,0.000149354,0,0,0,0,0,0,0,0,0,0,0,0,0,0,0,0,0,0,0.000149354,0.006347547,0,0,0,0,0,0,0,0,0,0,0.003733851,0,0,0,0,0,0.000149354,0,0.001568217,0,0,0,0,0,0,0,0,0,0,0,0,0,0,0,0,0,0.000149354,0,0,0,0,0,0,0,0.017997162,0,0.000149354,0,0,0,0,0,0,0,0,0,0,0,0,0.00074677,0.958927638,0.000448062,0.000298708,0,0.000448062,0.006944963,0,0,0.000149354,0,0.000298708,0,0,0,0,0,0,0,0,0,0
Jan2017.acr66,0,0,0,0,0,0,0,0,0,0,0,0,0,0,0,0,0,0,0,0,0,0.000390066,0,0,0,0,0,0,0,0,0,0,0,0,0,0,0,0,0,0,0,0,0,0,0,0,0,0,0,0.000520088,0,0,0,0,0,0,0,0,0,0,0,0,0,0,0,0,0,0,0,0.001300221,0,0,0,0,0,0,0,0,0,0,0,0,0,0,0,0,0,0,0,0,0,0,0,0,0,0,0,0,0,0,0,0,0.000260044,0,0,0.000260044,0,0,0,0,0,0,0.000390066,0,0,0,0,0,0,0,0,0,0,0,0,0,0,0,0,0,0,0,0,0,0,0,0,0,0,0,0,0,0,0,0,0,0,0,0,0,0,0,0,0,0,0,0,0,0,0,0,0,0,0,0,0,0,0.996619425,0,0,0,0.000260044,0,0,0,0,0,0,0,0,0,0,0,0,0,0,0,0
Jan2017.acr68,0,0,0,0,0,0,0,0,0,0,0,0,0,0,0,0,0,0,0,0,0,0,0,0,0,0,0,0,0,0,0,0,0,0,0,0,0,0,0,0,0,0,0,0,0,0,0,0,0,0.000284293,0,0,0,0,0,0,0,0,0,0,0,0,0,0,0,0,0,0,0,0.001279318,0,0,0,0,0,0,0,0,0,0,0,0,0,0,0,0,0.000284293,0,0,0,0,0,0,0,0,0,0,0,0,0,0,0,0,0,0,0,0,0,0,0,0,0,0,0,0,0,0,0.022601279,0,0,0,0,0,0,0,0,0,0,0,0,0,0,0,0,0,0,0,0,0,0,0,0,0,0,0,0,0,0,0,0,0,0,0,0,0,0,0,0,0,0,0,0,0,0,0,0,0,0.975266525,0,0,0,0.000284293,0,0,0,0,0,0,0,0,0,0,0,0,0,0,0,0
Jan2017.acr76,0,0,0,0,0,0,0,0,0,0,0,0,0,0,0,0,0,0,0,0,0,0.000693001,0,0,0,0,0,0,0,0,0,0,0,0,0,0,0,0,0,0,0,0,0,0,0,0,0,0,0,0,0,0,0,0,0,0,0,0,0,0,0,0,0,0,0,0,0,0,0,0.002772003,0,0,0,0,0,0,0,0,0,0,0,0,0,0,0,0,0.005544006,0,0,0,0,0,0,0,0,0,0,0,0,0,0,0,0,0,0,0,0,0,0,0,0,0,0,0,0,0,0,0,0,0,0,0,0,0,0,0,0,0,0,0,0,0,0,0,0,0,0,0,0,0,0,0,0,0,0,0,0,0,0,0,0,0,0,0,0,0,0,0,0,0,0,0,0,0,0,0,0,0.974012474,0,0,0,0.008316008,0.008662509,0,0,0,0,0,0,0,0,0,0,0,0,0,0,0
Jan2017.acr82,0,0,0,0,0,0,0,0,0,0,0,0,0,0,0,0.000731797,0,0,0,0,0,0,0,0,0,0,0,0,0,0,0,0,0,0,0,0,0,0,0,0,0,0,0,0,0,0,0,0,0,0,0,0,0,0,0,0,0,0,0,0,0,0,0,0,0,0,0,0,0,0.003658983,0,0,0,0,0,0,0,0,0,0,0,0,0.000731797,0,0,0,0,0,0,0,0,0,0,0,0,0,0,0,0,0,0,0,0,0,0,0,0,0,0,0,0,0,0,0,0,0,0,0,0,0,0,0,0,0,0,0.001463593,0,0,0,0,0,0,0,0,0,0,0,0,0,0,0,0,0,0,0,0,0,0,0,0,0,0.001097695,0,0,0,0,0,0.003658983,0,0,0,0,0,0,0,0,0,0.986827662,0,0,0,0.001829491,0,0,0,0,0,0,0,0,0,0,0,0,0,0,0,0
Jan2017.acr84,0,0,0,0,0,0,0,0.000628197,0,0,0,0,0,0,0,0,0,0,0,0,0,0,0,0,0,0,0,0,0,0,0,0,0,0,0,0,0,0,0,0,0,0,0,0,0,0,0,0,0,0,0,0,0,0,0,0,0,0,0,0,0,0,0,0,0,0,0,0,0,0.001256394,0,0,0,0,0,0,0,0,0,0,0,0,0,0,0,0,0,0,0.000269227,0,0,0,0,0,0,0,0,0,0,0,0,0,0.000538455,0,0,0,0,0,0,0,0,0,0,0,0,0,0,0.000179485,0,0,0,0,0,0.000269227,0,0,0,0,0,0,0,0,0,0,0,0,0,0,0,0,0,0,0,0,0,0,0,0,0,0,0,0,0,0,0,0,0,0,0,0,0.000179485,0,0,0,0,0,0,0.991115499,0.000628197,0,0,0.00403841,0.000628197,0,0,0,0,0,0,0,0,0,0.000269227,0,0,0,0,0
Jan2017.acr88,0,0,0,0,0,0,0,0,0,0,0,0,0,0,0,0,0,0,0,0,0,0,0,0,0,0,0,0,0,0,0,0,0,0,0,0,0,0,0,0,0,0,0,0,0,0,0,0,0,0,0.003762727,0,0,0,0,0,0,0,0,0,0,0,0,0,0,0,0,0,0,0.001328021,0,0,0,0,0,0,0,0,0,0,0,0,0,0,0,0,0.000885347,0,0,0,0,0,0,0,0,0,0,0,0,0,0,0,0,0,0,0.000442674,0,0,0,0,0,0,0,0,0,0,0,0,0,0,0,0,0,0,0,0,0,0,0,0,0,0,0,0,0,0,0,0,0,0,0,0,0,0.000442674,0,0,0,0,0,0,0,0,0,0,0,0,0,0,0,0,0,0,0,0,0,0,0,0.848384241,0.000442674,0.000885347,0,0.000664011,0,0,0,0,0.000442674,0,0,0,0,0,0,0,0,0,0.14231961,0
July2016.acr127,0.03779748,0,0,0,0,0,0,0,0,0,0,0,0,0,0,0.035464302,0,0,0,0,0,0,0,0,0,0,0,0,0,0,0,0,0,0,0,0,0,0,0,0,0,0,0,0,0,0.035464302,0,0,0,0,0,0,0,0.011199253,0,0,0,0,0,0,0,0,0,0,0,0,0,0,0,0,0,0,0,0,0.042463836,0,0,0,0,0.026598227,0,0,0.050863276,0,0,0,0,0,0,0,0,0,0,0,0,0,0,0,0,0,0,0,0,0,0,0,0,0,0,0,0,0,0,0,0,0,0,0,0,0,0,0,0,0,0,0,0,0,0,0,0,0,0,0,0,0,0,0,0,0,0,0,0,0,0,0,0,0,0,0,0,0,0,0,0,0,0,0,0,0,0,0,0,0,0,0,0,0.0629958,0,0,0,0.404106393,0.29304713,0,0,0,0,0,0,0,0,0,0,0,0,0,0,0
July2016.acr129,0,0,0,0,0,0,0,0,0,0,0,0,0,0,0,0.043396226,0,0,0,0,0,0,0,0.005031447,0,0,0,0,0,0,0,0,0,0,0,0,0,0,0,0,0,0,0,0,0,0,0,0,0,0,0,0,0,0,0,0,0,0,0,0,0,0,0,0,0,0,0,0,0,0.003773585,0,0,0,0,0.037735849,0,0,0,0,0,0,0,0,0,0,0,0,0,0,0,0.006918239,0,0,0,0,0,0,0,0.009433962,0,0.008805031,0,0,0,0,0,0,0,0,0,0,0,0,0,0,0,0,0,0,0,0,0,0,0,0,0,0.030188679,0,0,0,0.012578616,0,0,0.006289308,0,0,0,0,0,0,0,0,0,0,0,0.319496855,0,0,0.008805031,0,0,0,0,0,0,0,0,0.013207547,0,0,0,0,0,0,0,0,0,0.021383648,0,0,0.011949686,0.37672956,0.08427673,0,0,0,0,0,0,0,0,0,0,0,0,0,0,0
July2016.acr134,0,0,0,0,0,0,0,0.021226415,0,0,0,0,0,0,0,0.075471698,0,0,0,0,0,0,0,0,0,0,0,0,0,0,0.007075472,0,0,0,0,0,0,0,0,0,0,0,0,0,0,0,0,0,0,0,0,0,0,0,0,0,0,0,0,0,0,0,0,0,0,0,0,0,0,0.002358491,0,0,0,0,0.025943396,0,0,0,0,0,0,0,0.035377358,0,0,0,0,0,0,0,0.037735849,0,0,0,0,0,0,0,0,0,0,0,0.037735849,0,0,0.025943396,0,0,0,0,0,0,0,0,0,0,0,0.004716981,0,0,0,0,0,0,0,0.014150943,0.044811321,0,0,0,0,0,0,0.025943396,0,0,0,0,0,0,0,0,0,0,0,0.021226415,0,0,0.004716981,0,0,0,0,0,0,0,0.014150943,0.004716981,0,0,0,0,0,0,0,0,0,0.384433962,0,0,0,0.094339623,0.089622642,0,0,0,0.007075472,0.021226415,0,0,0,0,0,0,0,0,0,0
July2016.acr135,0,0,0.004264392,0,0,0,0,0,0,0,0,0,0,0,0,0.036247335,0.007462687,0,0,0,0,0,0,0,0,0,0,0,0,0,0,0,0,0,0,0,0,0,0,0,0,0,0,0,0,0,0,0,0,0,0,0,0,0,0,0,0,0,0,0,0,0,0,0,0,0,0,0,0,0.003198294,0,0,0,0,0.034115139,0,0,0,0,0,0,0,0,0,0,0,0,0,0,0,0.009594883,0,0,0,0,0,0,0,0,0,0,0,0.004264392,0,0,0,0,0,0,0,0,0,0.012793177,0,0,0,0,0,0,0,0,0,0,0,0,0,0,0,0,0,0,0,0,0,0,0.142857143,0,0,0,0,0,0,0,0,0,0,0,0,0,0,0,0,0,0,0,0,0,0,0,0,0,0,0,0,0,0,0,0.037313433,0.018123667,0,0,0.142857143,0.08315565,0,0,0,0,0,0.463752665,0,0,0,0,0,0,0,0,0
July2016.acr161,0,0,0,0,0,0,0,0,0,0,0,0,0,0.010215664,0,0.057888763,0,0,0,0,0,0,0,0,0.114642452,0,0,0,0,0,0,0,0,0,0,0,0,0,0,0,0,0,0,0,0,0.013620885,0,0,0,0,0,0,0,0,0,0,0,0,0,0,0,0,0,0,0,0,0,0,0,0.005675369,0.099886493,0,0,0,0.077185017,0,0,0,0.027241771,0,0,0,0.028376844,0,0,0,0,0,0,0,0,0,0,0,0,0,0,0,0,0,0,0,0.005675369,0,0,0,0,0,0,0,0,0,0,0,0,0,0,0,0,0,0,0,0,0,0,0,0,0,0,0,0,0,0,0,0,0,0,0,0,0,0,0,0,0,0,0,0,0,0,0,0,0,0,0,0,0,0,0,0,0.020431328,0,0,0,0,0,0,0,0.209988649,0,0,0,0.064699205,0.225879682,0,0,0,0,0,0.038592509,0,0,0,0,0,0,0,0,0
July2016.acr18,0,0,0,0,0,0,0,0,0,0,0,0,0,0.026315789,0,0.118421053,0,0,0,0,0,0,0,0.048245614,0.074561404,0,0,0,0,0,0,0,0,0,0,0,0,0,0,0,0,0,0,0,0,0,0,0,0,0,0,0,0,0,0,0,0,0,0,0,0,0,0,0,0,0,0,0,0,0,0,0,0,0,0.201754386,0,0,0,0.043859649,0,0,0,0.048245614,0,0,0,0,0,0,0,0,0,0,0,0,0,0,0,0,0,0,0,0,0,0,0,0,0,0,0,0,0,0,0,0,0,0,0,0,0,0,0,0,0,0,0,0,0,0,0,0,0,0,0,0.035087719,0,0,0,0,0,0,0,0,0,0,0,0,0,0,0,0,0,0,0,0,0,0,0,0,0,0,0,0,0,0,0,0,0.070175439,0,0,0,0.149122807,0.135964912,0,0,0,0,0.048245614,0,0,0,0,0,0,0,0,0,0
July2016.acr2,0.009458298,0,0,0,0,0,0,0,0,0,0,0,0,0.006878762,0,0.022355976,0,0,0,0,0,0,0,0,0.012897678,0,0,0,0,0,0,0,0,0,0,0,0,0,0,0,0,0.004299226,0,0,0.005159071,0,0,0,0,0.00171969,0.017196905,0,0,0,0,0,0,0,0,0,0,0,0,0,0,0,0.002579536,0,0,0.009458298,0,0,0,0,0.042132416,0,0,0,0,0.003439381,0,0,0,0,0,0,0.004299226,0,0.006878762,0,0.006018917,0,0,0,0,0,0,0,0,0,0,0,0,0,0,0.002579536,0,0,0,0,0,0,0,0,0,0,0.006018917,0.032674119,0,0,0,0,0,0,0.00171969,0.013757524,0,0,0,0,0.00171969,0.004299226,0,0,0,0,0,0,0,0,0,0,0,0,0,0,0,0,0,0,0,0.007738607,0,0,0,0,0,0,0,0,0.029234738,0,0,0,0,0,0,0.569217541,0.015477214,0,0,0.129836629,0.025795357,0,0,0,0,0.002579536,0,0,0,0,0,0,0.002579536,0,0,0
July2016.acr30,0,0.001636126,0.00065445,0,0,0,0,0,0,0,0.001308901,0,0,0,0.004253927,0.018979058,0,0,0,0,0,0,0,0.001308901,0.007526178,0,0,0,0,0,0,0,0,0,0,0,0,0,0.00065445,0.003272251,0,0,0,0,0.00065445,0,0.004581152,0,0,0.005562827,0,0.016034031,0,0,0.00065445,0.002945026,0,0,0,0,0,0.001308901,0.003926702,0,0,0,0,0.005562827,0,0.017015707,0,0,0,0,0.003926702,0,0,0,0,0,0,0,0.000981675,0.004581152,0,0.014397906,0.026832461,0.016688482,0,0,0,0,0,0,0,0,0,0.002290576,0.017997382,0.000981675,0,0.000327225,0,0,0,0.006544503,0,0,0,0,0.00065445,0.009162304,0,0,0.011125654,0,0,0.029777487,0,0,0,0,0.001636126,0,0,0,0,0.003926702,0,0.003272251,0,0,0,0,0,0,0,0,0,0,0,0,0,0,0,0,0,0.00065445,0,0,0.001963351,0.001963351,0,0.002290576,0,0.002290576,0,0,0,0,0.007198953,0,0,0.001636126,0,0.00065445,0.001963351,0.620746073,0.001636126,0,0,0.017015707,0.005562827,0.002617801,0,0,0.008507853,0.001636126,0.058246073,0,0,0,0,0,0,0,0,0.010471204
July2016.acr36,0,0,0,0,0,0,0,0,0,0,0,0,0,0,0,0.053416149,0,0,0,0,0,0.004968944,0,0,0.01863354,0,0,0,0,0,0,0,0,0,0.007453416,0,0,0,0,0,0,0,0,0,0,0,0,0,0,0,0,0,0,0,0,0,0,0,0,0,0,0,0,0,0,0,0,0,0,0,0,0,0,0,0.129192547,0,0,0,0,0,0,0,0.019875776,0,0,0,0,0,0,0,0,0,0,0,0,0,0,0,0,0,0,0,0.004968944,0,0,0,0,0,0,0,0,0,0.021118012,0,0,0,0,0,0,0,0,0,0,0.01242236,0,0,0,0,0.016149068,0,0.008695652,0,0,0.026086957,0.004968944,0,0,0,0,0,0,0,0,0,0,0,0,0,0,0,0,0,0,0,0,0,0,0,0,0,0.017391304,0,0,0,0,0,0.013664596,0.527950311,0,0,0.003726708,0.011180124,0.089440994,0,0,0,0,0.008695652,0,0,0,0,0,0,0,0,0,0
July2016.acr44,0,0,0,0,0,0,0,0.00660793,0,0,0,0,0,0,0,0.022026432,0.003671072,0,0,0,0,0,0,0,0,0,0,0,0,0,0.001468429,0,0,0,0,0,0,0,0,0,0,0,0,0,0,0,0,0,0,0.010279001,0.01174743,0,0,0,0,0,0,0,0,0,0,0,0,0,0,0,0,0,0,0.007342144,0,0,0,0,0.003671072,0,0,0,0,0,0,0,0.008810573,0,0,0,0.004405286,0,0,0,0,0,0,0,0,0,0,0,0,0,0,0.005139501,0.004405286,0,0,0.002202643,0,0,0,0,0.00660793,0.004405286,0.016152717,0,0,0,0,0.013950073,0,0,0,0.002202643,0,0,0,0,0,0,0,0,0,0,0,0.005873715,0.00660793,0,0,0,0,0,0,0,0,0,0,0,0,0,0,0,0,0,0,0,0,0,0.005139501,0,0,0.00660793,0.005139501,0,0,0,0,0,0.001468429,0.755506608,0.004405286,0,0,0.037444934,0.029368576,0,0,0.007342144,0,0,0,0,0,0,0,0,0,0,0,0
July2016.acr56,0,0,0,0,0,0,0,0,0,0,0,0,0,0,0,0.152701644,0,0,0,0,0,0,0,0,0,0,0,0,0,0,0,0,0,0,0,0,0,0,0,0,0,0,0,0,0,0,0,0,0,0,0,0,0,0,0,0,0,0,0,0,0,0,0,0,0,0,0,0,0,0.063429914,0,0,0,0,0.030540329,0,0,0,0,0,0,0,0.048551292,0,0,0,0,0,0,0,0,0.105716523,0,0,0,0,0,0,0,0,0,0,0,0,0,0,0,0,0,0,0,0,0,0,0,0,0,0,0,0,0,0,0,0,0,0,0,0,0,0.018794049,0.025058731,0,0,0,0,0,0,0,0,0,0,0,0,0,0,0,0,0,0,0,0,0,0,0,0,0,0,0,0.025058731,0,0,0,0,0,0,0,0.071260767,0.114330462,0,0,0,0.189506656,0.155050901,0,0,0,0,0,0,0,0,0,0,0,0,0,0,0
July2016.acr60,0,0,0,0,0,0,0,0,0,0,0,0,0,0,0,0.094594595,0,0,0,0,0,0,0,0,0.009009009,0,0,0,0,0,0,0,0,0,0,0,0,0,0,0,0,0,0,0,0,0,0,0,0,0,0.063063063,0,0,0,0,0,0,0,0,0,0,0,0,0,0,0,0,0,0,0,0,0.022522523,0,0,0.121621622,0,0,0,0,0,0,0,0.058558559,0,0,0,0,0.094594595,0,0,0,0,0,0,0,0,0,0,0,0,0,0,0,0,0,0.013513514,0,0,0,0,0,0,0,0,0,0,0,0,0,0,0,0,0,0,0,0,0,0,0,0,0.054054054,0,0,0,0,0,0,0,0,0,0,0,0,0,0,0,0,0,0,0,0,0,0,0,0,0,0,0,0,0,0.027027027,0,0,0,0,0,0.081081081,0.144144144,0,0,0,0.148648649,0.058558559,0,0,0,0,0,0,0,0,0,0,0,0.009009009,0,0,0
July2016.acr62,0,0,0,0,0,0,0,0.003184713,0,0.001194268,0,0,0,0,0,0.007961783,0,0.002786624,0,0,0,0,0,0,0,0,0,0,0,0,0,0,0,0,0,0,0,0,0,0,0,0,0,0,0,0,0,0,0,0.003383758,0,0,0,0,0,0,0,0,0,0,0,0,0,0,0,0,0,0,0,0.001791401,0,0,0,0,0.00258758,0,0,0,0,0,0.003383758,0,0.004578025,0,0,0,0,0,0,0,0.00218949,0,0,0,0,0,0,0,0,0,0,0,0,0,0,0.003582803,0,0,0.001990446,0,0,0,0,0,0.003980892,0,0,0.002985669,0,0,0,0,0,0.000597134,0,0,0,0,0.000995223,0,0,0,0,0.006767516,0,0,0,0,0,0,0,0,0,0,0,0,0,0,0,0,0,0,0,0,0,0.00258758,0,0,0,0,0.003383758,0,0,0,0,0,0.003184713,0.909633758,0.006767516,0,0.002786624,0.009355096,0.006767516,0,0,0,0,0.001592357,0,0,0,0,0,0,0,0,0,0
July2016.acr64,0,0,0,0,0,0,0,0,0,0,0,0,0,0,0.015081206,0.063225058,0,0,0,0,0,0,0,0,0.015661253,0,0,0,0,0,0,0,0,0,0,0,0,0,0,0,0,0,0,0,0,0,0,0,0,0,0.011600928,0.009860789,0,0,0,0,0,0,0,0,0,0,0,0,0,0,0,0,0,0.00638051,0,0,0,0,0.120069606,0,0,0,0,0,0,0,0.13863109,0,0,0,0,0,0,0,0,0,0,0,0,0,0,0,0,0,0,0,0,0,0,0.023201856,0,0,0,0,0,0,0,0,0,0,0,0,0,0,0,0,0,0,0,0,0,0,0,0,0.017981439,0,0,0,0,0,0,0,0,0,0,0,0,0,0,0,0,0,0,0,0,0,0,0,0,0,0,0.016241299,0,0,0,0,0,0,0,0,0,0.020301624,0,0,0,0.113109049,0.207076566,0,0,0,0,0,0,0.221577726,0,0,0,0,0,0,0,0
July2016.acr66,0,0,0,0,0,0,0,0,0,0,0,0,0,0,0,0.024263432,0,0,0,0,0,0,0,0,0,0,0,0,0,0,0,0,0,0,0,0,0,0,0,0,0,0,0,0,0,0,0,0,0,0,0.003466205,0,0,0,0,0,0,0,0,0,0,0,0,0,0,0,0,0,0,0.012998267,0,0.110051993,0,0,0.039861352,0,0,0,0,0,0,0,0.08492201,0,0,0,0,0,0.018197574,0,0,0,0,0,0,0,0,0,0,0,0,0,0.013864818,0,0,0,0,0,0,0,0.012131716,0,0,0,0,0,0,0,0,0,0,0,0,0,0,0,0,0,0,0.018197574,0.008665511,0,0,0,0,0,0,0,0,0,0,0,0,0,0,0,0.012998267,0,0,0,0,0,0,0,0,0,0,0,0,0.006932409,0.021663778,0,0,0,0,0,0,0.24610052,0.009532062,0,0.209705373,0.036395147,0.097920277,0,0,0,0,0,0,0.012131716,0,0,0,0,0,0,0,0
July2016.acr68,0,0,0,0,0,0,0,0,0,0,0.010706638,0,0,0.010706638,0,0.042826552,0,0,0,0,0,0.225910064,0,0,0.048179872,0,0,0,0,0,0.002141328,0,0,0,0,0,0,0.037473233,0,0,0,0,0,0,0,0,0,0,0,0,0,0,0,0,0,0,0,0,0,0,0,0,0,0,0,0,0,0,0,0,0,0.028907923,0,0,0.147751606,0,0,0,0,0.035331906,0,0,0,0,0,0,0,0,0.023554604,0,0,0,0,0,0,0,0,0,0.011777302,0,0,0,0,0,0,0,0,0,0,0,0,0,0.007494647,0,0,0.011777302,0,0.009635974,0,0,0,0,0,0,0,0,0,0,0,0.011777302,0,0,0,0.00856531,0,0,0,0,0,0,0,0,0,0,0,0,0,0,0,0,0,0,0,0,0,0,0,0,0,0,0,0,0,0,0,0,0,0.225910064,0,0,0,0.025695931,0.061027837,0,0,0,0,0.010706638,0,0,0,0,0,0,0.002141328,0,0,0
July2016.acr76,0,0,0,0,0,0,0,0,0,0,0,0,0,0,0,0.127582017,0,0,0,0,0,0,0,0,0,0,0,0,0,0,0.012150668,0,0,0,0,0,0,0,0,0,0,0,0,0,0,0,0,0,0,0,0,0,0,0,0,0,0,0,0,0,0,0,0,0,0,0,0,0,0,0,0,0,0,0,0.060145808,0,0,0,0,0,0,0,0.182867558,0,0,0,0,0,0,0,0,0,0,0,0,0,0,0,0,0,0,0,0,0,0,0,0,0,0,0,0,0,0,0,0,0,0,0,0,0,0,0,0,0,0,0,0,0,0,0,0,0,0,0,0,0,0.056500608,0,0,0,0,0,0,0,0,0,0,0,0,0,0,0,0,0,0,0,0,0,0,0,0,0,0,0,0,0,0,0,0,0,0,0.081409478,0.479343864,0,0,0,0,0,0,0,0,0,0,0,0,0,0,0
July2016.acr82,0,0.011326861,0,0,0,0,0,0,0,0.02184466,0,0,0,0.008090615,0,0.040453074,0,0,0,0,0,0,0,0,0,0,0,0,0,0,0,0,0,0,0,0,0,0,0,0,0,0,0,0,0,0,0,0,0,0.002427184,0,0,0,0,0,0.013754045,0,0,0,0,0,0.009708738,0,0,0,0,0,0,0,0,0,0,0,0,0.045307443,0,0,0,0,0,0,0,0,0,0,0,0,0,0,0,0,0,0,0,0,0,0,0.025080906,0.039644013,0,0,0.018608414,0.014563107,0,0,0,0,0,0,0,0,0,0,0,0.055825243,0,0,0.25566343,0.018608414,0,0,0,0,0,0,0.021035599,0,0,0,0,0,0,0,0,0.020226537,0,0,0,0,0,0,0,0,0,0,0,0,0.023462783,0,0,0,0,0,0,0,0,0.012944984,0,0,0,0.035598706,0,0,0,0,0,0,0,0,0,0,0.082524272,0.185275081,0,0,0,0,0,0,0,0,0,0,0,0,0,0,0.03802589
July2016.acr84,0,0,0,0,0,0,0,0,0,0,0,0,0,0,0,0.115727003,0,0,0,0,0,0,0,0,0,0,0,0,0,0,0,0,0,0,0,0,0,0,0,0,0,0,0.03264095,0,0,0,0,0,0,0,0,0,0,0,0,0,0,0,0,0,0,0,0,0,0,0,0,0,0,0,0,0,0,0,0.241839763,0,0,0,0,0,0.005934718,0,0.084075173,0,0,0,0,0,0,0,0.03264095,0,0,0,0,0,0,0,0.009891197,0,0,0,0,0,0,0,0,0,0,0,0,0,0,0,0,0,0,0,0,0,0,0,0,0.010880317,0,0,0,0,0,0,0,0,0,0.024233432,0,0,0,0,0,0,0,0,0,0,0,0,0,0,0,0,0,0,0,0,0,0,0,0,0,0,0.044510386,0,0,0,0,0,0,0.018793274,0,0,0.035113749,0.135509397,0.208209693,0,0,0,0,0,0,0,0,0,0,0,0,0,0,0
July2016.acr88,0,0,0,0,0,0,0,0,0,0,0,0,0,0.040540541,0,0.141891892,0,0,0,0,0,0,0,0,0,0,0,0,0,0,0,0,0,0,0,0,0,0,0,0,0,0,0,0,0,0,0,0,0,0.013513514,0,0,0,0,0,0,0,0,0,0,0,0,0,0,0,0,0,0,0,0.027027027,0.101351351,0,0,0,0.168918919,0,0,0,0,0,0,0,0,0,0,0,0.013513514,0,0,0,0,0,0,0,0,0,0,0,0,0,0,0,0,0,0,0.02027027,0,0,0,0,0,0,0,0,0,0.027027027,0,0,0,0,0,0,0,0,0,0,0.027027027,0,0,0,0,0,0,0,0,0,0,0,0,0,0,0,0,0,0,0,0,0,0,0,0,0,0,0,0,0,0,0,0,0,0,0,0,0,0,0,0,0.351351351,0,0,0,0.013513514,0.027027027,0,0,0,0.027027027,0,0,0,0,0,0,0,0,0,0,0
July2016.acr90,0,0,0,0,0,0,0,0,0,0,0,0,0,0.14375,0,0,0,0,0,0,0,0,0,0,0.15,0,0,0,0,0,0,0,0,0,0,0,0,0,0,0,0,0,0,0,0,0,0,0,0,0,0,0,0,0,0,0,0,0,0,0,0,0,0,0,0,0,0,0,0,0,0,0,0,0,0.1375,0,0,0,0,0,0,0,0.1375,0,0,0,0,0,0.015625,0,0.034375,0,0,0,0,0,0,0,0,0,0,0,0,0,0,0,0,0,0,0,0,0,0,0,0,0,0,0,0,0,0,0,0,0,0,0,0,0,0.0375,0,0,0,0,0,0,0,0,0,0,0,0,0,0,0,0,0,0,0,0,0,0,0,0,0,0,0,0,0,0,0,0,0,0,0,0,0,0,0,0,0,0,0.18125,0.1625,0,0,0,0,0,0,0,0,0,0,0,0,0,0,0
March2016.acr127,0,0,0,0,0,0,0,0,0,0,0,0,0,0.000869376,0,0.018039557,0,0,0,0,0,0,0,0,0.005433601,0,0,0,0,0,0,0,0,0,0,0,0,0,0,0,0,0,0,0,0,0,0,0,0,0,0,0,0,0,0,0,0,0,0,0,0,0,0,0,0,0,0.031732232,0,0,0.02412519,0,0,0,0,0.01717018,0,0,0,0,0,0,0,0.020865029,0,0,0,0,0,0,0,0.011301891,0,0,0,0,0,0,0,0,0,0,0,0,0.003260161,0.003694849,0,0,0,0,0,0,0,0,0,0,0,0,0,0,0,0,0,0,0,0,0.027168007,0.003912193,0,0,0,0,0,0,0,0,0.178656814,0,0,0,0,0,0,0,0,0,0,0,0,0,0,0,0,0,0,0,0,0,0.000869376,0,0,0.010649859,0,0,0,0,0,0.002608129,0.174961965,0.013040643,0,0,0.068028689,0.02195175,0,0,0,0,0,0.361660509,0,0,0,0,0,0,0,0,0
March2016.acr129,0,0,0,0,0,0,0,0,0,0,0,0,0,0,0,0.416730038,0,0,0,0,0,0,0,0,0.04904943,0,0,0,0,0.011977186,0.000760456,0,0,0,0,0,0,0,0,0,0,0,0,0,0,0,0,0,0,0,0,0,0,0,0,0,0,0,0,0,0,0,0,0,0,0,0,0,0,0,0,0,0,0,0.128326996,0,0,0,0,0,0,0,0.026996198,0,0,0,0.045057034,0,0,0,0,0,0,0,0,0,0,0,0,0,0,0,0,0,0,0,0,0,0,0,0,0,0,0,0,0,0,0,0,0,0,0,0,0,0,0,0,0,0,0.067490494,0,0,0,0,0,0,0,0,0,0,0,0,0,0,0,0,0,0,0,0,0,0,0,0,0,0,0,0,0,0,0,0,0,0,0,0,0,0,0,0,0,0.237452471,0.016159696,0,0,0,0,0,0,0,0,0,0,0,0,0,0,0
March2016.acr161,0,0,0,0,0,0,0,0,0,0,0,0,0,0,0,0.270298047,0,0.006166495,0,0,0,0,0,0,0.028776978,0,0,0,0,0,0.009249743,0,0,0,0.003083248,0,0,0,0,0,0,0,0,0,0,0,0,0,0,0,0,0.020554985,0,0,0,0,0,0,0,0,0,0,0,0,0,0,0,0,0,0,0,0,0,0,0.050359712,0,0,0,0,0,0.018499486,0,0.016443988,0,0,0,0,0,0,0,0,0.015416238,0,0,0,0,0,0,0,0,0,0,0,0,0.016443988,0,0,0,0,0,0,0.016443988,0,0,0,0,0,0,0,0,0,0,0,0,0,0,0,0,0.049331963,0,0,0,0,0,0,0,0,0,0,0,0,0,0,0,0,0,0,0,0,0,0,0,0,0,0,0,0,0,0,0,0.042137718,0,0,0,0,0,0,0.1336074,0,0,0,0.275436793,0.027749229,0,0,0,0,0,0,0,0,0,0,0,0,0,0,0
March2016.acr18,0,0,0,0,0,0,0,0,0,0,0,0,0,0.003278689,0.017213115,0.032786885,0,0.019672131,0,0,0,0,0,0.012295082,0,0,0,0,0,0,0,0,0,0,0,0,0,0,0,0,0.008196721,0,0,0,0,0,0,0,0,0,0,0,0,0,0,0,0,0,0,0,0,0,0,0,0,0,0,0,0,0.009016393,0.012295082,0,0,0,0.114754098,0,0,0,0,0,0,0,0.073770492,0,0,0,0,0,0,0,0,0,0,0,0,0,0,0,0,0,0,0,0,0,0,0,0,0,0,0,0,0,0.03442623,0,0,0,0,0,0,0,0,0,0,0.001639344,0,0.018032787,0.008196721,0,0,0,0,0,0,0,0,0,0,0,0,0,0,0,0,0,0,0,0,0,0,0,0,0,0,0,0,0,0,0,0,0,0,0,0,0,0,0,0,0.273770492,0.014754098,0,0.020491803,0.020491803,0.05,0,0,0,0.063934426,0.040983607,0.15,0,0,0,0,0,0,0,0,0
March2016.acr2,0,0,0,0,0,0,0,0,0,0,0,0,0,0,0,0.008048974,0,0,0,0,0,0,0,0,0.002040585,0,0,0,0,0,0,0,0,0,0,0,0,0,0,0,0.009409364,0,0,0,0,0,0,0,0,0,0,0,0,0,0,0,0,0,0,0,0,0,0,0,0,0,0,0,0,0.003854438,0,0,0,0,0.003174243,0,0,0,0,0,0.011903412,0,0,0,0,0,0,0,0,0,0.032535994,0,0,0,0,0,0,0,0,0,0,0,0,0,0,0,0,0,0,0,0,0,0,0,0,0,0,0,0,0,0,0,0,0,0,0,0,0,0,0.004194536,0,0,0,0,0,0,0,0,0,0,0,0,0,0,0,0,0,0,0,0,0,0,0,0,0,0.002947512,0,0,0,0,0.006688584,0,0,0,0,0,0,0.826436912,0,0,0,0.060537354,0.028228092,0,0,0,0,0,0,0,0,0,0,0,0,0,0,0
March2016.acr30,0,0,0,0,0,0,0,0,0,0,0,0.000756945,0,0.002270835,0,0.014760427,0,0,0.001438195,0,0,0,0,0,0,0,0,0,0,0,0.000529861,0,0,0,0,0,0,0,0,0,0,0,0,0,0,0,0,0,0,0,0,0,0,0,0,0,0,0,0,0,0,0,0,0,0,0,0.011808342,0,0,0,0,0.002422224,0,0,0.008629173,0,0,0,0,0,0,0,0.00302778,0,0,0,0,0,0,0,0,0,0,0,0,0,0,0,0,0,0,0,0,0,0,0,0,0,0,0,0,0,0,0,0,0,0,0,0,0,0,0,0,0,0,0,0,0,0,0.002952085,0,0,0,0,0,0,0,0,0,0,0,0,0,0,0,0,0,0,0,0,0,0,0,0.003406252,0,0,0,0,0,0,0.000605556,0,0,0,0,0,0,0.859738097,0,0,0,0.075618803,0.009537507,0,0,0,0,0,0,0,0.002497918,0,0,0,0,0,0,0
March2016.acr35,0,0,0,0,0,0,0,0,0,0,0,0,0,0.033908046,0,0.086781609,0.008045977,0,0,0,0,0,0,0,0,0,0,0,0,0,0.009195402,0,0,0,0,0,0,0,0,0,0,0.044827586,0,0,0,0,0,0,0,0,0,0.005747126,0,0,0,0,0,0,0,0,0,0,0,0,0,0,0,0,0,0,0.021264368,0,0,0,0.210344828,0,0,0,0,0,0,0.004022989,0.06954023,0,0,0,0,0,0.013793103,0,0,0,0,0,0,0,0,0,0,0,0,0,0,0,0,0,0,0,0,0,0,0,0,0,0,0,0,0.005747126,0,0,0,0,0,0,0,0,0.023563218,0,0,0.034482759,0,0,0,0,0.018390805,0,0,0,0,0,0,0,0,0,0,0,0.021264368,0,0,0,0,0,0,0,0,0,0,0,0,0,0,0,0,0,0,0,0,0.037356322,0.009195402,0,0,0.171264368,0.164942529,0,0,0,0,0,0,0,0,0,0,0,0,0.006321839,0,0
March2016.acr36,0,0,0.019358742,0,0,0,0,0,0,0,0,0,0,0,0,0,0,0,0,0,0,0,0,0,0,0,0.038112523,0,0,0,0.002419843,0,0,0,0,0,0,0,0,0,0,0,0,0,0,0,0.022383545,0,0,0,0,0,0,0,0,0,0,0,0,0,0,0,0,0,0,0,0.032062916,0,0,0,0.021778584,0,0,0,0.174228675,0,0,0,0,0,0,0,0.041742287,0,0,0,0,0,0.013914096,0,0,0.048396854,0,0,0,0,0,0,0,0,0,0,0.028433152,0,0,0,0,0,0,0,0,0,0,0,0,0,0,0,0,0,0,0,0,0,0,0,0.007259528,0,0,0,0,0,0,0,0.021173624,0,0,0,0,0,0,0,0,0,0,0,0,0,0,0,0,0,0,0,0,0,0,0,0,0,0,0,0,0,0,0,0,0.194192377,0,0,0,0.226860254,0.08953418,0,0,0,0,0.01814882,0,0,0,0,0,0,0,0,0,0
March2016.acr44,0,0,0,0,0,0,0,0,0,0,0,0,0,0,0,0.013376571,0,0,0.005674909,0,0,0,0,0,0.002432104,0,0,0,0,0,0.002837454,0,0,0,0.002837454,0,0,0,0,0,0,0,0,0,0,0,0,0,0,0.005269558,0,0,0,0,0,0,0,0,0,0,0,0,0,0,0,0,0,0,0,0.007296311,0,0,0,0,0.002837454,0,0,0,0,0,0,0,0.002026753,0,0.002837454,0,0,0,0,0,0.00648561,0,0,0,0,0,0,0,0,0,0,0,0,0,0,0,0,0,0,0,0,0,0.004053506,0,0,0,0,0,0,0,0,0,0,0.006080259,0,0,0.006080259,0,0,0.004053506,0.002432104,0,0,0,0,0,0,0,0,0,0,0,0,0,0,0,0,0,0,0,0,0,0,0,0,0,0.001216052,0,0,0,0.013781921,0,0,0,0,0,0.001621403,0.785569518,0,0,0,0.087555736,0.022294285,0,0,0,0,0,0.011349818,0,0,0,0,0,0,0,0,0
March2016.acr56,0,0,0,0,0,0,0,0,0,0,0,0,0,0,0,0.022215973,0,0,0,0,0,0,0,0,0,0,0,0,0,0,0,0,0,0,0,0,0,0,0,0,0,0.018841395,0,0,0,0,0,0,0,0,0,0,0,0,0,0,0,0,0,0,0,0,0,0,0,0,0,0,0,0,0,0,0,0,0,0,0,0,0,0,0,0,0,0,0,0,0,0,0,0,0,0,0,0,0,0,0,0,0,0,0,0,0,0,0,0,0,0,0,0,0,0,0.03712036,0,0,0,0,0,0,0,0,0,0,0,0,0.011529809,0,0,0,0,0,0,0,0,0,0.242688414,0,0,0,0,0,0,0,0,0,0,0,0,0,0,0,0,0,0,0,0,0.008155231,0,0,0,0.070584927,0,0,0,0,0,0,0.142575928,0,0,0,0.047525309,0.004218223,0,0,0,0,0.021091114,0.373453318,0,0,0,0,0,0,0,0,0
March2016.acr60,0,0,0,0,0,0,0,0,0,0,0,0,0,0,0,0.012137041,0,0,0,0.002458135,0.0004609,0,0,0,0.001229067,0,0,0,0,0.002765402,0.002150868,0,0,0,0,0,0,0,0,0,0,0,0,0,0,0,0,0,0,0,0.013366108,0.005223537,0,0,0,0,0,0,0,0,0,0,0,0,0,0,0.075741281,0,0,0,0.009064372,0.007528038,0,0,0.039944692,0,0,0,0,0,0,0,0.013827009,0,0,0,0,0,0.007835305,0,0,0,0,0,0,0,0,0,0,0,0,0,0,0,0,0,0.001075434,0,0,0,0,0,0,0,0,0,0,0.056690736,0,0,0,0,0,0.001689968,0,0.012597941,0,0,0,0,0,0,0,0,0.011676141,0,0,0,0,0,0,0,0,0,0,0,0,0,0,0,0,0.002611768,0,0,0,0,0,0,0,0,0.030573053,0,0,0,0,0,0.003226302,0.543401444,0.024581349,0.004301736,0,0.075741281,0.011368874,0,0,0,0.012137041,0.012444308,0.002150868,0,0,0,0,0,0,0,0,0
March2016.acr62,0,0,0.000615511,0,0,0,0,0,0,0,0,0,0,0,0,0.006360279,0,0,0,0,0,0,0,0.002256873,0,0,0,0,0,0,0,0,0,0,0,0,0,0,0,0,0,0,0,0,0,0,0,0,0,0,0,0.002462043,0,0,0,0,0,0,0,0,0,0,0,0,0,0,0.003898236,0,0,0.001436192,0.005539598,0,0,0,0.005744768,0,0,0,0,0,0,0,0,0,0,0,0.003487895,0,0,0,0,0,0,0,0,0,0,0,0,0,0,0,0,0,0,0,0.001231022,0,0,0,0,0,0,0,0,0,0,0.010258515,0,0,0,0,0,0,0,0,0,0,0,0,0,0,0,0,0,0,0,0,0,0,0,0,0,0,0,0,0,0,0,0,0,0,0,0,0,0,0,0,0,0,0.002667214,0,0,0,0,0,0,0.90172343,0,0,0,0.030160033,0.010258515,0,0,0,0.004924087,0.000820681,0.005334428,0,0,0,0,0,0,0.000820681,0,0
March2016.acr64,0,0,0,0,0,0,0,0,0,0,0,0,0,0,0,0.043060559,0,0,0,0,0,0,0.008835135,0,0,0,0,0,0,0,0.00171556,0,0,0,0,0,0,0,0,0,0,0,0,0,0,0,0,0,0,0,0,0.006519128,0,0,0,0,0,0,0,0,0,0,0,0,0,0,0,0,0,0,0,0,0,0,0.135443472,0,0,0,0,0,0,0,0,0,0,0,0,0,0,0,0,0,0,0,0,0,0,0,0,0,0,0,0,0,0,0,0,0,0,0,0,0,0,0,0,0,0,0,0,0.004546234,0,0,0,0,0,0,0,0,0,0,0,0,0,0,0,0.120089209,0,0,0,0,0,0,0,0,0,0,0,0,0,0,0,0,0,0,0,0,0,0,0,0,0,0,0,0,0,0,0,0.250557557,0.012180477,0,0,0.02238806,0.024275176,0,0,0,0,0.00600446,0.364384972,0,0,0,0,0,0,0,0,0
March2016.acr66,0,0,0,0,0,0,0,0,0,0,0,0,0,0.001397136,0,0.013272791,0,0,0,0.004191408,0,0.00349284,0,0.005588543,0.003143556,0,0,0,0.004191408,0,0.001047852,0,0,0,0,0,0,0.00349284,0,0,0,0,0,0,0,0,0,0,0.002444988,0,0,0,0,0,0,0,0,0,0,0,0,0,0,0,0,0,0,0,0,0.006287111,0,0.005937827,0,0,0.020957038,0,0,0,0,0.006287111,0,0,0.005588543,0,0,0,0,0,0,0,0,0,0,0,0,0,0,0,0,0,0,0,0,0,0.004540692,0,0,0,0,0,0,0,0,0,0,0,0,0.001397136,0,0.004889976,0,0,0,0,0,0,0.002794272,0,0,0.01851205,0,0,0,0,0,0,0,0,0,0,0,0,0,0,0,0,0,0,0,0,0,0,0,0.002095704,0,0,0,0,0,0,0.004540692,0,0,0,0,0.004191408,0,0.725812085,0,0,0,0.076842473,0.043660496,0,0,0,0,0.004191408,0.009081383,0,0.010129235,0,0,0,0,0,0,0
March2016.acr68,0,0,0,0,0,0,0,0,0,0,0,0,0,0.00608229,0,0.030053667,0,0.002146691,0,0,0,0.009660107,0,0,0,0,0,0,0,0,0.001788909,0,0,0,0,0,0,0,0,0,0,0,0,0,0,0,0,0,0,0,0,0,0,0,0,0,0,0,0,0,0,0,0,0,0,0,0,0,0,0.001788909,0.013953488,0,0,0,0.023613596,0,0,0,0,0.075134168,0,0,0,0,0,0,0,0,0.003935599,0,0.007513417,0,0,0,0,0,0,0,0,0,0,0,0,0,0,0,0,0,0,0.008586762,0,0,0.012880143,0,0,0,0,0.002862254,0,0,0,0,0,0,0,0.016100179,0,0,0,0,0,0,0,0,0,0,0,0,0,0,0,0,0,0,0,0,0,0,0,0,0,0.004293381,0,0,0,0,0.016100179,0,0,0,0.010375671,0,0,0,0,0,0,0.53273703,0,0,0,0.124150268,0.029338104,0,0,0,0.018962433,0.011091234,0.036851521,0,0,0,0,0,0,0,0,0
March2016.acr76,0,0,0,0,0,0,0,0,0,0,0,0,0,0,0,0.149778588,0,0,0,0,0,0,0,0,0,0,0,0,0,0,0.002083876,0,0,0,0,0.015889555,0,0,0,0,0,0,0,0,0,0,0,0,0,0,0,0.02891378,0,0,0,0,0,0,0,0,0,0,0,0,0,0,0,0,0,0,0,0,0,0,0.128158375,0,0,0,0.015368586,0,0,0,0,0,0,0,0.047929148,0,0,0,0.045584788,0,0,0,0,0,0,0,0.058609013,0,0,0,0,0,0,0,0,0,0,0,0,0,0,0,0,0,0,0,0,0,0,0,0,0,0,0,0,0,0,0,0,0,0,0,0,0,0,0,0,0,0,0,0,0,0,0,0,0,0,0,0,0,0,0,0,0,0,0,0,0,0,0,0,0,0,0,0,0.080229226,0,0,0,0.264391769,0.163063298,0,0,0,0,0,0,0,0,0,0,0,0,0,0,0
March2016.acr82,0,0,0,0,0,0,0,0,0,0,0,0,0,0.008244994,0,0.116607774,0,0,0.012956419,0,0,0,0,0,0.058892815,0,0,0,0,0,0,0,0,0,0,0,0,0,0,0,0,0.011189635,0,0,0,0,0,0,0,0,0,0,0,0,0,0,0,0,0,0,0,0,0,0,0,0,0,0,0,0.010011779,0,0,0,0,0.075382803,0,0,0,0,0.022968198,0.00647821,0,0.017667845,0,0,0,0,0,0,0,0.008833922,0.019434629,0,0,0,0,0,0,0,0,0,0,0,0,0,0,0,0,0,0,0,0,0,0,0,0,0,0.014134276,0,0,0,0,0,0,0,0,0,0,0,0.007656066,0,0,0,0.012367491,0,0,0,0,0,0,0,0,0,0,0,0,0,0,0,0,0,0,0,0,0,0,0.014723204,0,0,0,0.049469965,0,0,0.011778563,0,0,0,0.034746761,0,0,0.015312132,0.285630153,0.02532391,0,0,0,0,0,0.150765607,0,0,0,0,0,0,0,0,0.00942285
March2016.acr84,0,0,0.027891715,0,0,0,0,0,0,0,0,0,0,0,0,0.065627564,0,0,0,0,0,0,0,0,0,0,0,0,0,0,0,0,0,0,0,0,0,0,0,0,0,0,0,0,0,0,0,0,0,0,0,0,0,0,0,0,0,0,0,0,0,0,0,0,0.031173093,0,0,0,0,0,0,0,0,0,0.077112387,0,0,0,0,0,0,0,0.013125513,0,0,0,0,0,0,0,0.03609516,0,0,0,0,0,0,0,0.005742412,0,0,0,0,0,0,0,0,0,0,0,0,0,0,0,0,0,0.022149303,0,0,0,0,0,0,0,0,0,0,0,0,0,0,0,0,0,0,0,0,0,0,0,0,0,0,0,0,0,0,0,0,0,0,0,0,0,0,0,0,0,0,0,0.036915505,0,0,0,0,0,0,0.164068909,0.070549631,0,0,0.377358491,0.050861362,0,0,0,0,0,0.021328958,0,0,0,0,0,0,0,0,0
March2016.acr88,0,0,0.003109453,0,0,0,0,0,0,0,0,0,0,0,0,0.019900498,0,0,0,0,0,0,0,0.005597015,0,0,0,0,0,0,0,0,0,0,0,0,0,0,0,0,0,0,0,0,0,0,0,0,0,0,0.001865672,0,0,0,0,0,0,0,0,0,0,0,0,0,0,0,0,0,0,0,0,0,0,0,0.013059701,0,0,0,0,0,0,0,0.002487562,0,0,0,0,0,0,0,0,0.006840796,0,0,0,0,0,0,0,0,0,0,0,0,0,0,0,0,0,0,0,0,0,0,0,0,0,0,0,0,0,0,0,0.002487562,0,0,0,0,0,0.006840796,0,0,0,0,0,0,0,0,0,0,0,0,0,0,0,0,0,0,0,0,0,0,0,0,0,0,0.005597015,0,0,0,0.001243781,0,0,0,0,0,0,0.731965174,0,0,0,0.032338308,0.021144279,0,0,0,0,0,0.145522388,0,0,0,0,0,0,0,0,0
March2016.acr90,0,0,0,0,0,0,0,0,0,0,0,0,0,0.000398406,0.009163347,0.098804781,0,0.020119522,0,0,0,0,0,0,0,0,0,0,0,0,0.001195219,0,0,0,0,0,0,0,0,0,0,0,0,0,0,0,0,0,0,0,0,0,0,0,0,0,0,0,0,0,0,0,0,0,0,0,0,0,0,0.03187251,0,0,0,0,0.088047809,0,0,0,0,0,0,0,0.036055777,0,0,0,0,0,0,0,0.044820717,0,0,0,0,0,0,0,0,0,0,0,0,0,0,0,0,0,0,0,0,0,0,0,0,0,0,0.032270916,0,0,0,0,0,0.035258964,0,0,0,0,0,0.029681275,0.015537849,0,0,0,0,0,0,0,0,0,0,0,0,0,0,0,0,0,0,0,0,0,0,0,0,0,0,0,0,0,0,0,0,0,0,0,0,0.025498008,0,0,0,0.344422311,0.172908367,0,0,0,0,0,0.013944223,0,0,0,0,0,0,0,0,0
May2016.127acr,0,0.007550336,0,0,0,0,0,0,0,0,0,0,0,0,0,0.005872483,0,0,0,0,0,0,0,0,0,0,0,0,0,0,0,0,0,0,0,0,0,0,0,0,0,0,0,0,0,0,0,0,0,0.009228188,0,0,0,0,0,0,0,0,0,0,0,0,0,0,0,0,0,0,0,0.012583893,0,0,0.03942953,0,0.006711409,0,0,0,0,0,0,0,0.005033557,0,0,0,0,0,0,0,0.005033557,0,0,0,0,0,0,0,0,0,0,0,0,0,0,0.002516779,0,0,0,0,0,0,0.015100671,0,0,0,0,0.01090604,0,0,0.012583893,0,0,0,0,0,0.005033557,0,0,0,0,0,0,0,0,0.04614094,0,0,0,0,0,0,0,0,0,0,0,0,0,0,0,0,0,0.002516779,0,0.002516779,0,0,0,0,0.005872483,0,0,0,0,0,0,0.639261745,0,0,0.001677852,0.004194631,0.012583893,0,0,0,0,0,0.138422819,0,0.009228188,0,0,0,0,0,0,0
May2016.129acr,0,0,0.011875309,0,0,0,0,0,0,0,0,0,0,0.008411677,0,0,0,0,0,0,0,0,0,0,0.008906482,0,0,0,0,0,0,0,0.006927264,0,0,0,0,0,0,0,0,0,0,0,0,0,0,0,0,0,0,0.018307768,0,0,0,0,0,0,0,0,0,0.041563582,0,0,0,0,0,0,0,0.03908956,0,0,0.234042553,0,0.096981692,0,0,0,0,0,0.000989609,0,0,0,0,0,0,0,0,0,0,0,0,0,0,0,0,0,0,0,0,0,0,0,0,0,0,0,0,0,0,0,0.028203859,0,0,0,0,0.004948046,0,0,0.091538842,0,0,0,0,0,0.023255814,0,0,0,0,0,0,0,0,0,0,0,0,0,0,0,0,0,0,0,0,0,0,0,0,0.037605146,0,0,0,0,0,0,0,0,0,0,0,0,0,0,0,0,0,0,0,0.205343889,0.097971301,0,0,0,0,0,0,0,0.044037605,0,0,0,0,0,0,0
May2016.134acr,0,0,0,0,0,0,0,0,0,0,0,0,0,0,0,0.042105263,0,0.031578947,0.042105263,0,0,0,0,0,0,0,0,0,0,0,0,0,0,0,0,0,0,0,0,0,0,0,0,0,0,0,0,0,0,0,0,0.021052632,0,0,0,0,0,0,0,0,0,0,0,0,0,0,0,0,0,0,0,0,0.431578947,0,0.147368421,0,0,0,0,0,0,0,0,0,0,0,0,0,0,0,0,0,0,0,0,0,0,0,0,0,0,0,0,0,0,0,0,0,0,0,0,0,0,0,0,0,0,0,0,0,0.115789474,0,0,0,0,0.021052632,0,0,0,0,0,0,0.031578947,0,0,0,0,0,0,0,0,0,0,0,0,0,0,0,0,0,0,0,0,0,0,0,0,0,0,0,0.031578947,0,0,0,0,0,0,0.031578947,0,0,0,0,0.021052632,0,0,0,0,0,0,0,0.031578947,0,0,0,0,0,0,0
May2016.135acr,0,0.002345766,0,0,0,0,0,0.003987802,0,0,0,0,0,0,0,0.005629838,0,0,0,0,0,0,0,0.00140746,0.002345766,0,0,0,0,0,0,0,0,0,0,0,0,0,0,0,0,0,0,0,0,0,0,0,0,0,0,0.003753225,0,0,0,0,0,0,0,0,0,0,0,0,0,0,0,0,0,0.006098991,0,0,0.019000704,0,0.00070373,0.00070373,0,0,0,0,0,0,0.003987802,0,0,0,0,0,0,0,0.001172883,0,0,0,0,0,0,0,0.000938306,0,0,0.000938306,0,0,0,0,0,0,0,0,0,0,0,0,0,0,0,0.004222379,0,0,0.007975604,0,0,0,0,0.000469153,0.002345766,0,0,0.003049496,0,0,0,0,0,0,0,0,0,0,0,0,0,0,0,0,0,0,0.001876613,0,0,0.011728829,0,0.000938306,0,0,0,0,0,0,0,0,0,0,0,0,0.00070373,0.895847994,0.002345766,0,0,0.006333568,0.004222379,0,0,0,0.00140746,0.00070373,0,0,0.002814919,0,0,0,0,0,0,0
May2016.161acr,0,0,0,0,0,0,0,0.002758621,0,0,0,0,0,0,0,0.02,0,0,0,0,0,0,0,0.003448276,0.002068966,0,0,0,0,0,0,0,0,0,0,0,0,0,0,0,0,0,0,0,0,0,0,0,0,0,0,0,0,0,0,0,0,0,0,0,0,0,0,0,0,0,0,0,0,0.006206897,0,0,0.093793103,0,0.015862069,0,0,0,0,0,0,0,0.004827586,0,0,0,0,0,0,0,0,0,0,0,0,0,0,0,0,0,0,0,0,0,0,0.004827586,0,0,0,0,0,0,0.002758621,0,0,0.009655172,0,0,0,0,0.037931034,0,0,0.004137931,0,0,0.027586207,0,0,0.004827586,0,0,0,0,0.002068966,0,0,0,0,0,0,0,0,0,0,0,0,0,0,0,0,0,0,0,0.002068966,0,0,0,0,0,0,0.002758621,0,0,0,0,0,0.684137931,0,0,0,0.011034483,0.028275862,0,0,0,0,0.004827586,0.002068966,0,0.022068966,0,0,0,0,0,0,0
May2016.18acr,0,0,0,0,0,0,0,0,0,0,0,0,0,0,0,0,0,0,0,0,0,0,0,0.010906612,0.019768234,0,0,0,0,0,0,0,0,0,0,0,0,0,0,0,0,0.003408316,0,0,0,0,0,0.018404908,0,0,0,0,0,0,0,0,0,0,0,0,0,0,0,0,0,0,0,0,0,0.008179959,0,0,0.131561009,0,0.032719836,0,0,0,0,0,0,0,0,0,0,0,0,0,0,0,0.010224949,0,0,0,0,0,0,0,0,0,0,0.00408998,0,0,0,0,0,0,0,0,0,0,0,0,0,0,0,0,0,0,0.09202454,0,0.019086571,0.002726653,0,0,0.032038173,0,0,0,0.00204499,0,0,0,0,0,0,0,0,0,0,0,0,0,0,0,0,0,0,0,0,0,0,0,0,0,0,0,0,0,0,0,0,0,0,0,0,0.496932515,0.002726653,0,0,0.023176551,0.034083163,0,0,0,0,0,0,0,0.055896387,0,0,0,0,0,0,0
May2016.2acr,0,0,0,0,0,0,0,0,0,0,0,0,0,0,0,0.000962696,0,0,0,0,0,0,0,0,0.002166065,0,0,0,0,0,0,0,0,0,0,0,0,0,0,0,0,0,0,0,0,0,0,0,0,0,0,0,0,0,0,0,0,0,0,0,0,0,0,0,0,0,0,0,0,0.001203369,0,0,0.007942238,0,0.000962696,0,0,0,0,0,0,0,0.000481348,0,0,0,0,0,0,0,0,0,0,0,0,0,0,0,0,0.000481348,0,0,0.000722022,0,0,0,0,0,0,0,0,0,0.000481348,0,0,0,0,0.000722022,0,0,0.003369434,0,0,0,0,0,0.001684717,0,0,0,0,0,0,0,0,0,0,0,0,0,0,0,0,0,0.000481348,0,0,0,0,0,0,0,0,0,0,0,0,0,0,0,0.000481348,0,0,0,0,0,0,0.966305656,0,0,0,0.004813478,0.001444043,0,0,0,0.000722022,0.001203369,0,0,0.002888087,0,0,0,0,0,0,0.000481348
May2016.30acr,0,0.0077101,0,0,0,0,0,0,0,0,0,0,0,0.00539707,0.00462606,0.050115652,0,0,0,0,0,0.00231303,0,0.021588281,0.01387818,0,0,0.00462606,0,0,0,0,0,0,0,0,0,0,0,0,0,0.00385505,0.00925212,0,0,0.01002313,0,0,0,0,0.00154202,0.00462606,0,0,0,0,0,0,0,0,0,0,0,0,0,0,0,0,0,0,0,0,0.096376253,0,0.019275251,0,0,0,0,0,0,0,0.01233616,0,0,0,0,0,0.00616808,0,0.00539707,0,0,0,0,0.01464919,0,0,0,0,0,0,0,0,0,0,0,0,0,0.00231303,0,0,0.040863531,0,0,0,0,0.01079414,0,0,0.042405551,0.01002313,0,0.01156515,0,0,0.021588281,0,0,0.00308404,0.00848111,0,0,0,0,0,0,0.054741712,0,0,0,0,0,0,0,0.01079414,0,0,0,0,0,0.174248265,0,0.01002313,0,0.01387818,0,0.0077101,0,0,0.01079414,0,0,0,0,0,0.020046261,0.080185042,0.01310717,0,0.00693909,0.084040093,0.047031611,0,0,0,0,0,0.00693909,0,0.01464919,0,0,0,0,0,0,0
May2016.36acr,0,0.003548459,0,0,0,0,0,0,0,0,0,0,0,0,0.000665336,0.011532491,0,0,0,0.006209803,0,0,0,0,0,0,0,0,0,0,0,0,0,0,0,0,0,0,0,0,0,0,0,0,0,0,0.002439565,0,0,0,0.000887115,0.004879131,0,0,0,0,0,0,0,0,0,0,0,0,0,0,0,0,0,0,0,0,0.027944112,0,0.005544467,0,0,0.001774229,0,0,0,0,0.001774229,0,0,0,0,0,0.001996008,0,0,0,0,0,0,0.002217787,0,0,0,0,0,0,0.000665336,0,0,0,0,0.008871147,0,0.003548459,0,0,0.011754269,0,0,0,0,0.047682413,0,0,0.017520515,0.001330672,0,0.003992016,0,0.005100909,0.007318696,0,0,0.006431581,0.00665336,0,0,0,0,0,0,0,0,0,0,0,0,0,0,0,0,0,0,0,0,0.022177866,0,0,0,0,0,0.001996008,0,0,0,0,0,0,0,0,0.000887115,0.72920825,0.008649368,0,0,0.027278776,0.006431581,0,0,0.002439565,0.001774229,0,0,0,0.006875139,0,0,0,0,0,0,0
May2016.44acr,0,0,0,0,0,0,0,0.000453001,0,0,0,0,0,0,0,0.006568516,0,0,0,0,0,0,0,0,0,0,0,0,0,0,0,0,0,0,0,0,0,0,0,0,0,0,0,0,0,0,0,0,0,0,0.00792752,0,0,0,0,0,0,0,0,0,0,0,0,0,0,0,0,0,0,0,0,0,0.007248018,0,0.004530011,0,0,0,0,0,0,0,0,0,0,0,0,0,0,0,0,0,0,0,0,0,0,0,0,0,0,0,0.002038505,0,0.000453001,0,0,0,0,0,0,0,0,0,0,0,0,0.00385051,0,0,0.006115515,0,0,0.001585504,0,0.000453001,0.000453001,0,0,0,0,0,0,0,0,0,0,0,0,0,0,0,0,0,0,0,0,0,0.001585504,0,0,0.023103058,0,0.000453001,0,0,0,0,0,0,0,0,0,0,0,0,0,0.918459796,0.002718007,0.000453001,0,0.004983012,0.001359003,0,0,0,0,0.001359003,0.001359003,0,0.002491506,0,0,0,0,0,0,0
May2016.56acr,0,0,0.001656413,0,0,0,0,0,0,0,0,0,0,0,0,0,0,0,0,0,0,0,0,0,0.000946522,0,0,0,0,0,0,0,0,0,0,0,0,0,0,0,0,0,0,0,0,0,0,0,0,0,0.000473261,0,0,0,0,0,0,0,0,0,0,0,0,0,0,0,0,0,0,0.004022717,0,0.000946522,0.010884998,0,0.001656413,0,0,0,0,0,0,0,0.000709891,0,0,0,0,0,0,0,0,0,0,0,0,0,0,0,0,0,0,0,0.002129673,0,0,0.002129673,0,0,0,0,0,0,0,0,0,0,0,0,0,0,0.004969238,0,0,0.000946522,0,0.000709891,0,0,0,0,0,0,0,0,0,0,0,0,0,0,0,0,0,0,0,0,0,0,0,0,0,0.005679129,0,0,0,0,0.000473261,0,0,0,0.002839565,0,0,0,0,0,0.000473261,0.946994794,0.001893043,0,0,0.00638902,0.001419782,0,0,0,0,0,0.000709891,0,0.000946522,0,0,0,0,0,0,0
May2016.60acr,0,0,0,0,0,0,0,0,0,0,0,0,0,0,0,0.0015109,0,0,0,0,0,0.000863371,0,0,0,0,0,0,0,0,0,0,0,0,0,0,0,0,0,0,0,0,0,0,0,0,0,0,0,0,0,0,0,0,0,0,0,0,0,0,0,0,0,0,0,0,0,0,0,0,0,0,0.011871358,0,0.002590114,0,0,0,0,0,0,0,0.001079214,0,0,0,0,0,0,0,0.002158429,0,0,0,0,0,0,0,0,0,0,0,0,0,0,0.001079214,0,0,0,0,0,0,0,0,0,0,0,0,0,0,0.007122815,0,0,0,0,0.001079214,0.0045327,0,0,0.000431686,0,0,0,0,0,0,0,0,0,0,0,0,0,0,0,0,0,0,0,0,0,0,0,0,0,0,0,0,0,0,0,0,0,0,0,0,0.000647529,0.957694798,0,0,0,0.000431686,0,0,0,0,0,0,0.000863371,0,0.0060436,0,0,0,0,0,0,0
May2016.62acr,0,0.001342539,0,0,0,0,0,0.001534331,0,0,0,0,0,0,0,0.001150748,0,0.001342539,0,0,0,0,0,0,0,0,0,0,0,0,0,0,0,0,0,0,0,0,0,0,0,0,0,0,0,0,0.000767165,0,0,0,0.001726122,0,0,0,0,0,0,0,0,0,0,0,0,0,0,0,0,0,0,0.006137323,0,0.001150748,0.015726889,0,0.001726122,0,0,0,0,0,0,0,0.000767165,0,0,0,0.001917913,0,0,0,0,0,0,0,0,0,0,0,0,0,0,0,0.002109705,0,0,0.000575374,0,0,0,0,0,0,0,0,0,0,0,0.001534331,0,0,0.00287687,0,0.000575374,0.000575374,0,0,0.000958957,0,0,0,0,0,0,0,0.000383583,0,0,0,0,0,0,0,0,0,0,0,0,0,0,0,0,0.005370157,0,0.008822401,0,0,0,0,0,0,0,0,0,0,0,0,0.000383583,0.901802839,0.027234369,0,0,0.005370157,0.001342539,0,0,0,0.002493287,0.001150748,0,0,0.001150748,0,0,0,0,0,0,0
May2016.64acr,0,0,0,0,0,0,0,0,0,0,0,0,0,0,0,0.006233957,0,0,0,0,0,0,0,0,0.00330033,0,0,0,0,0,0,0,0,0,0,0,0,0,0,0,0,0,0,0,0,0,0.007334067,0,0,0,0.02420242,0,0,0,0.001833517,0,0,0,0,0,0,0,0,0,0,0,0,0,0,0.02530253,0,0,0.170150348,0,0.061972864,0,0,0,0,0,0,0,0.010267693,0,0,0,0,0,0,0,0,0,0,0,0,0,0,0,0,0,0,0.013568023,0,0,0,0,0,0,0,0,0,0,0.007334067,0,0,0,0,0.008067473,0,0,0.063072974,0,0,0.011734507,0,0,0.033370004,0,0,0,0.009167583,0,0,0,0.005867253,0,0,0,0,0,0,0,0,0,0,0,0,0,0.018335167,0,0,0.04180418,0,0,0,0,0,0,0,0,0.006233957,0,0,0,0,0,0,0.277961129,0.054638797,0,0,0.078474514,0.009534287,0,0,0,0.011734507,0.021635497,0.011367803,0,0,0,0.00550055,0,0,0,0,0
May2016.66acr,0,0,0,0,0,0,0,0,0,0,0,0,0,0,0,0,0,0,0,0,0,0,0,0,0,0,0,0,0,0,0,0,0,0,0,0,0,0,0,0,0,0.002369668,0,0,0,0,0,0,0,0,0,0,0,0,0,0,0,0,0,0,0,0,0,0,0,0,0,0,0,0.018957346,0,0,0.225118483,0,0.109004739,0,0,0,0,0,0,0,0.033175355,0,0,0,0,0,0,0,0,0,0,0,0,0,0,0,0,0,0,0,0,0,0,0.009478673,0,0,0,0,0,0,0,0,0,0,0,0,0,0,0.161137441,0,0,0,0,0,0.02014218,0,0,0,0,0,0.021327014,0,0,0,0,0,0,0,0,0,0,0,0,0,0,0,0.009478673,0,0,0,0,0.013033175,0,0,0,0,0,0,0.015402844,0,0,0,0,0,0,0.117298578,0.013033175,0,0,0.097156398,0.093601896,0,0,0,0,0,0.03436019,0,0,0,0,0,0.005924171,0,0,0
May2016.68acr,0,0,0.000681199,0,0,0,0,0,0,0,0,0,0,0,0,0.003746594,0,0,0,0,0,0,0,0.004768392,0,0,0,0,0,0,0,0,0,0,0,0,0,0,0,0,0,0,0,0,0,0,0,0,0,0,0.019073569,0.001021798,0,0,0,0,0,0,0,0,0,0,0,0,0,0,0,0,0,0.003065395,0,0.010217984,0.01226158,0.002043597,0.015326975,0,0,0,0,0,0,0,0,0,0,0,0,0,0,0,0,0,0,0,0,0,0,0,0,0,0,0,0,0,0,0.000681199,0,0,0,0,0,0,0,0,0,0.001362398,0,0.084468665,0,0,0.002384196,0,0,0.000681199,0,0.001702997,0.006811989,0,0,0,0,0,0,0,0,0,0,0,0,0,0,0,0,0,0.004087193,0,0,0,0.010558583,0.000681199,0,0.05619891,0,0.096730245,0,0.007493188,0,0,0,0,0.004427793,0,0,0.000681199,0,0,0,0.108651226,0.399523161,0.001362398,0,0.0623297,0.013623978,0.029291553,0,0,0.003405995,0.023160763,0.002384196,0,0.004427793,0,0,0,0.000681199,0,0,0
May2016.76acr,0,0,0,0,0,0,0,0,0,0,0,0,0,0,0,0.009708738,0,0,0,0,0,0,0,0,0,0,0,0,0,0,0,0,0,0,0,0,0,0,0,0,0,0,0,0,0,0,0.004449838,0,0,0,0,0.007281553,0,0,0,0,0,0,0,0,0,0,0,0,0,0,0,0,0,0.004854369,0,0,0.049757282,0,0.01092233,0,0,0,0,0,0,0,0.001618123,0,0,0,0,0,0,0,0,0,0,0,0,0,0,0,0,0,0,0,0,0,0,0.002831715,0,0,0,0,0,0,0,0,0,0,0,0,0,0,0.041666667,0,0.004045307,0.000809061,0,0.003640777,0.014158576,0,0,0.002022654,0,0,0,0,0,0,0,0,0,0,0,0,0,0,0,0,0,0,0,0,0,0,0,0,0,0.001213592,0,0,0,0,0.003640777,0,0,0,0,0,0,0.735841424,0,0,0,0.05987055,0.029530744,0,0,0,0.003640777,0,0,0,0.008495146,0,0,0,0,0,0,0
May2016.82acr,0,0,0.005080109,0,0,0,0,0.005861665,0,0,0,0,0,0,0.003516999,0.013677218,0,0,0,0,0,0,0,0,0,0,0,0,0,0,0,0,0,0,0,0,0,0,0,0,0,0,0,0,0,0,0,0,0,0,0.047284095,0,0,0,0,0,0,0,0,0,0,0,0.021492771,0,0,0,0,0,0,0.027354435,0,0.023446659,0.055490426,0,0.028526768,0,0,0,0,0.012114107,0,0,0.004689332,0,0,0,0,0,0,0,0.004689332,0,0,0,0,0,0,0,0.001563111,0,0,0.007424775,0.00664322,0,0,0.003516999,0,0,0,0.00664322,0,0,0,0,0,0,0,0.016412661,0,0,0.039468542,0,0,0.007033998,0,0.004689332,0.027354435,0,0,0,0,0,0.001563111,0.005861665,0,0,0,0,0,0,0,0,0,0,0,0,0,0,0.003907776,0,0,0.082844861,0,0.052364205,0,0,0,0.001563111,0,0,0.003907776,0,0,0,0,0,0,0.002735444,0.252833138,0.003126221,0,0.095349746,0.025009769,0.018757327,0,0,0.004689332,0.036733099,0.007815553,0,0.021101993,0,0.005861665,0,0,0,0,0
May2016.84acr,0,0.001010782,0,0,0,0,0,0.005053908,0.002021563,0.002021563,0,0,0,0,0,0.002695418,0,0,0,0,0,0,0,0,0,0,0,0,0,0,0,0,0,0,0,0,0,0,0,0,0,0,0,0,0,0,0,0,0,0.000336927,0.004716981,0,0,0,0,0,0,0,0,0,0,0,0,0,0,0,0,0,0,0.008760108,0,0,0.032008086,0,0.001010782,0,0,0,0,0,0,0,0.000673854,0,0,0,0,0,0,0,0,0,0,0,0,0,0,0,0,0,0,0.003032345,0.000673854,0,0,0,0,0,0,0,0,0,0,0,0,0,0,0.001010782,0.001010782,0,0.005727763,0,0.001684636,0,0,0,0.003032345,0,0,0,0,0,0,0,0,0,0,0,0,0,0,0,0,0,0,0,0,0,0.003706199,0,0,0.014150943,0,0,0,0,0,0,0,0,0,0,0,0,0,0,0,0.885444744,0.002695418,0,0,0.002358491,0.001010782,0,0,0,0.005053908,0.002695418,0,0,0.003369272,0,0,0,0,0,0,0.003032345
May2016.88acr,0,0,0,0,0,0,0,0,0,0,0,0,0,0,0,0,0,0,0,0,0,0,0,0,0,0,0,0,0,0,0,0,0,0,0,0,0,0,0,0,0,0,0,0,0,0,0,0,0,0,0.025913803,0,0,0,0,0,0,0,0,0,0,0,0,0,0,0,0,0,0,0.000818331,0,0,0.006819422,0,0,0,0,0,0,0,0,0,0,0,0,0,0,0,0,0,0,0,0,0,0,0,0,0,0,0,0.000818331,0,0.000545554,0,0,0,0,0,0,0,0,0,0,0,0,0,0,0,0,0,0.001363884,0,0,0.000545554,0,0,0.000818331,0,0,0,0,0,0,0,0,0,0,0,0,0,0,0,0,0,0,0,0,0,0.001909438,0,0,0.041734861,0,0.000545554,0,0.000545554,0,0,0,0,0,0,0,0,0,0,0,0.876432079,0.005455537,0,0,0.023186034,0.004637207,0,0,0,0.001363884,0.006546645,0,0,0,0,0,0,0,0,0,0
May2016.90acr,0,0,0,0,0,0,0,0,0,0,0,0,0,0.010787172,0.002623907,0.011078717,0,0,0,0,0,0.008163265,0,0,0,0,0,0,0,0,0,0,0,0,0,0,0,0,0,0,0,0,0,0,0,0,0,0,0,0.018658892,0.017784257,0,0,0,0,0,0,0,0,0,0,0,0,0,0,0,0,0,0,0,0,0,0.148104956,0,0.008746356,0,0,0,0.006413994,0,0,0,0.167638484,0,0,0,0,0,0.005247813,0,0,0.009037901,0,0,0,0,0,0,0,0,0,0,0.006997085,0,0,0,0,0,0,0,0,0,0.002040816,0,0,0,0,0.004373178,0,0,0.036443149,0,0,0,0,0,0.014577259,0,0,0.006122449,0,0,0,0.037609329,0,0,0,0,0,0,0,0,0,0,0,0,0,0,0,0,0,0.005830904,0,0,0,0,0,0,0.002040816,0,0,0,0,0,0,0,0,0.26851312,0,0,0.097667638,0.044606414,0.032653061,0,0,0,0,0.002332362,0.00728863,0,0.012827988,0,0.003790087,0,0,0,0,0